Rk,Player,Pos,Age,Tm,G,GS,MP,PER,TS%,3PAr,FTr,ORB%,DRB%,TRB%,AST%,STL%,BLK%,TOV%,USG%,OWS,DWS,WS,WS/48,OBPM,DBPM,BPM,VORP,ALL NBA
1,Precious Achiuwa,PF,21,MIA,61,4,737,14.2,0.55,0.004,0.482,11.5,20.6,16.1,6.1,1.3,4,13.5,19.5,0.3,1,1.3,0.085,-3.6,-0.5,-4.1,-0.4,0
2,Jaylen Adams,PG,24,MIL,7,0,18,-6.5,0.125,0.25,0,0,16.9,8.8,12.7,0,0,0,18.6,-0.1,0,-0.1,-0.252,-15.1,-4.6,-19.8,-0.1,0
3,Steven Adams,C,27,NOP,58,58,1605,15.1,0.596,0.01,0.438,14.4,20.4,17.4,9.1,1.6,2.2,17.5,11.7,2.3,1.7,4,0.119,-0.4,0.1,-0.3,0.7,0
4,Bam Adebayo,C,23,MIA,64,64,2143,22.7,0.626,0.01,0.443,7.7,22.6,15.3,26.9,1.7,3.2,15,23.7,5.6,3.2,8.8,0.197,2.9,2,4.9,3.7,0
5,LaMarcus Aldridge,C,35,TOT,26,23,674,15.7,0.556,0.27,0.159,3,15.8,9.4,11,0.8,3.7,7.9,22.2,0.5,0.6,1.1,0.08,-0.2,-0.2,-0.3,0.3,0
5,LaMarcus Aldridge,C,35,SAS,21,18,544,15.1,0.545,0.302,0.149,3.3,15.4,9.2,10.2,0.7,2.8,7,22.7,0.3,0.5,0.8,0.067,-0.2,-0.7,-0.9,0.2,0
5,LaMarcus Aldridge,C,35,BRK,5,5,130,18.2,0.611,0.104,0.208,1.8,17.8,10.2,14.3,1.1,7.4,11.8,19.9,0.2,0.2,0.4,0.135,0.1,2.1,2.2,0.1,0
6,Ty-Shon Alexander,SG,22,PHO,15,0,47,4.2,0.349,0.75,0.167,4.9,19,12.1,15.4,0,1.9,18.9,15,-0.1,0,0,-0.048,-4.8,-1.7,-6.5,-0.1,0
7,Nickeil Alexander-Walker,SG,22,NOP,46,13,1007,12.5,0.522,0.478,0.144,1.4,14.1,7.8,14.7,2.2,2.1,12.4,23.2,-0.3,1,0.7,0.035,-1.4,0.1,-1.3,0.2,0
8,Grayson Allen,SG,25,MEM,50,38,1259,12.8,0.586,0.662,0.22,1.6,12,6.7,11.5,1.7,0.6,9.6,16.8,1.5,1.2,2.7,0.101,-0.2,0.1,-0.2,0.6,0
9,Jarrett Allen,C,22,TOT,63,45,1864,20.1,0.661,0.039,0.602,11.6,26.3,18.9,8.7,0.8,4.3,14.1,16.6,4.3,2.1,6.4,0.166,1.3,-0.2,1.1,1.4,0
9,Jarrett Allen,C,22,BRK,12,5,320,21.5,0.73,0,0.938,13.8,28.6,21.6,8.3,1.1,5.2,19.3,15.5,1,0.5,1.4,0.216,1.7,0.9,2.6,0.4,0
9,Jarrett Allen,C,22,CLE,51,40,1544,19.8,0.649,0.046,0.549,11.2,25.9,18.3,8.8,0.8,4.1,13.1,16.8,3.4,1.6,5,0.155,1.2,-0.4,0.8,1.1,0
10,Al-Farouq Aminu,PF,30,TOT,23,14,434,8.9,0.469,0.374,0.222,5.1,21.9,13.3,10.1,2.1,1.9,20.5,13.6,-0.4,0.5,0.1,0.01,-4.9,1.1,-3.8,-0.2,0
10,Al-Farouq Aminu,PF,30,ORL,17,14,367,9.9,0.482,0.348,0.191,5.5,20.8,12.9,11.3,2.3,2.2,20.6,14.3,-0.3,0.4,0.1,0.014,-4.4,1.3,-3.1,-0.1,0
10,Al-Farouq Aminu,PF,30,CHI,6,0,67,3,0.369,0.6,0.5,3.3,27.8,15.7,3.5,1.4,0,19.7,9.8,-0.1,0.1,0,-0.013,-7.5,0.2,-7.3,-0.1,0
11,Kyle Anderson,PF,27,MEM,69,69,1887,17.2,0.578,0.397,0.28,2.9,19.5,11.1,18.3,2.1,2.7,10.4,18.5,2.9,2.7,5.6,0.143,1.4,1.9,3.3,2.5,0
12,Giannis Antetokounmpo,PF,26,MIL,61,61,2013,29.2,0.633,0.201,0.528,5.3,28.9,17.5,28.7,1.7,3.2,13.2,32.5,6.9,3.3,10.2,0.244,6.2,2.8,9,5.6,1
13,Kostas Antetokounmpo,PF,23,LAL,15,0,56,0,0.382,0,1.3,8.1,29.9,19.1,2.3,1.7,6.4,41.2,20.7,-0.3,0.1,-0.2,-0.174,-13.3,0.8,-12.6,-0.1,0
14,Thanasis Antetokounmpo,SF,28,MIL,57,3,551,10.3,0.523,0.212,0.358,10.7,12.9,11.8,10.3,1.9,1.6,21.3,15.3,0,0.6,0.7,0.057,-3.7,0.2,-3.5,-0.2,0
15,Carmelo Anthony,PF,36,POR,69,3,1690,14.6,0.547,0.418,0.198,2,11.8,6.8,9.2,1.3,2,6.7,23.1,1.7,0.8,2.6,0.073,0.2,-1.3,-1.1,0.4,0
16,Cole Anthony,PG,20,ORL,47,34,1273,12.1,0.496,0.312,0.237,3,15.4,9,24.2,1.1,1.3,14.8,24.3,-0.9,0.9,0,-0.001,-1.9,-1.4,-3.3,-0.4,0
17,OG Anunoby,SF,23,TOR,43,43,1433,15.4,0.605,0.503,0.197,4,14.6,9.1,10.1,2.2,2.2,11.7,19.3,1.5,1.6,3.1,0.104,0.8,0.4,1.2,1.2,0
18,Ryan Arcidiacono,PG,26,CHI,44,0,450,9.8,0.541,0.573,0.171,1.2,15.1,8.3,16.3,1,0,7.4,13.1,0.5,0.4,0.9,0.093,-2.6,0.3,-2.3,0,0
19,Trevor Ariza,SF,35,MIA,30,27,841,11.9,0.542,0.593,0.183,3.7,15.6,9.8,9.4,1.8,2.2,7.5,15.1,0.5,1,1.6,0.091,-1.2,0.1,-1.1,0.2,0
20,D.J. Augustin,PG,33,TOT,57,12,1129,12.1,0.57,0.633,0.274,1.9,7,4.4,22.2,1.2,0.1,14.5,16.8,1.5,0.5,2.1,0.088,-0.6,-1.5,-2.1,0,0
20,D.J. Augustin,PG,33,MIL,37,6,713,10.2,0.542,0.672,0.208,1.7,5.5,3.7,18.6,1.3,0.1,14,14.3,0.8,0.4,1.2,0.08,-1.3,-0.9,-2.2,0,0
20,D.J. Augustin,PG,33,HOU,20,6,416,15.5,0.604,0.583,0.358,2.2,9.4,5.6,28.3,0.9,0,15.1,21,0.8,0.1,0.9,0.103,0.6,-2.6,-2,0,0
21,Deni Avdija,SF,20,WAS,54,32,1257,7.6,0.515,0.538,0.144,1.9,20.2,11,6.3,1.2,1,9,12,0,1.2,1.2,0.046,-3.6,0.4,-3.1,-0.4,0
22,Deandre Ayton,C,22,PHO,69,69,2115,20.3,0.653,0.029,0.252,12.4,26.3,19.5,6.8,1,3.4,11.9,18.2,5.3,3.1,8.4,0.191,1.1,0.1,1.2,1.7,0
23,Udoka Azubuike,C,21,UTA,15,0,57,10.3,0.597,0,1.111,7.8,16,12.1,0,0.9,5.7,18.3,12.4,0,0.1,0.1,0.119,-5.5,1.7,-3.8,0,0
24,Dwayne Bacon,SG,25,ORL,72,50,1853,9.9,0.49,0.285,0.242,1.7,11.2,6.3,7.9,1.2,0.2,5.4,19.8,-0.3,0.9,0.5,0.013,-3.7,-1.4,-5.1,-1.5,0
25,Marvin Bagley III,PF,21,SAC,43,42,1112,16.3,0.554,0.22,0.273,10.4,21.5,15.9,5.8,0.9,1.6,9.7,23.5,0.9,0.5,1.4,0.059,-0.4,-2.7,-3.1,-0.3,0
26,LaMelo Ball,PG,19,CHO,51,31,1469,17.5,0.539,0.388,0.246,4.6,17.9,11.1,33.9,2.7,1.2,16.3,26.1,1,1.9,2.8,0.093,1.1,0.7,1.8,1.4,0
27,Lonzo Ball,PG,23,NOP,55,55,1747,15.2,0.551,0.65,0.091,2.1,14.3,8.2,25.4,2.3,1.7,14.5,20.5,1.5,1.7,3.2,0.089,1.4,0.3,1.7,1.6,0
28,Mo Bamba,C,22,ORL,46,5,725,19.3,0.556,0.392,0.219,10.5,28,19,8.1,0.9,7.3,9.8,21.8,0.7,1.1,1.8,0.117,0.2,0,0.1,0.4,0
29,Desmond Bane,SG,22,MEM,68,17,1519,12.2,0.6,0.543,0.098,2.1,12.6,7.3,10.6,1.3,0.9,10.2,16.1,1.6,1.3,2.9,0.093,-0.6,-0.2,-0.8,0.5,0
30,Harrison Barnes,PF,28,SAC,58,58,2102,15.4,0.626,0.399,0.366,3.3,17.2,10.2,13,1,0.4,11.1,17.2,4,0.5,4.5,0.103,1.5,-1.3,0.2,1.1,0
31,RJ Barrett,SG,20,NYK,72,72,2511,13.4,0.535,0.292,0.26,3,14.8,8.9,13.8,1.1,0.8,10.5,23.4,0.9,3.1,4.1,0.078,-0.9,-0.3,-1.2,0.5,0
32,Will Barton,SF,30,DEN,56,52,1736,11.8,0.538,0.423,0.199,2.6,12.2,7.4,14.1,1.4,1.3,12.7,19,0.7,1.5,2.2,0.061,-1,-0.8,-1.9,0.1,0
33,Keita Bates-Diop,SF,25,SAS,30,0,245,12,0.518,0.254,0.313,3.8,17.7,10.6,6.6,2.2,1.7,8.4,14.8,0.1,0.3,0.3,0.068,-2.3,0.4,-1.9,0,0
34,Nicolas Batum,SF,32,LAC,67,38,1835,12.9,0.617,0.66,0.141,3.2,15.9,9.7,10.5,1.9,1.8,10.8,11.8,2.7,2.3,5,0.132,0.6,1.5,2.1,1.9,0
35,Aron Baynes,C,34,TOR,53,31,980,10.5,0.503,0.339,0.135,9.4,21.7,15.3,7,0.8,2.3,12.5,16.2,0.1,0.9,1,0.049,-3.4,-1.1,-4.5,-0.6,0
36,Kent Bazemore,SF,31,GSW,67,18,1333,10.6,0.564,0.469,0.199,2.1,16,9.1,11.1,2.4,2.2,16.1,16.3,-0.2,2.1,1.8,0.065,-2.9,1.7,-1.2,0.2,0
37,Darius Bazley,PF,20,OKC,55,55,1714,9.7,0.491,0.414,0.258,3.1,21.2,12,8.9,0.8,1.3,13.7,22.1,-2.3,1.4,-0.9,-0.026,-3.1,-1.3,-4.4,-1,0
38,Bradley Beal,SG,27,WAS,60,60,2147,22.7,0.593,0.27,0.332,3.6,10.4,7,21.3,1.5,0.9,10.6,34.1,4.2,1.7,5.9,0.132,4.8,-1.4,3.4,2.9,1
39,Malik Beasley,SG,24,MIN,37,36,1214,14.6,0.57,0.535,0.133,2.4,12.4,7.2,11.6,1.2,0.5,8.6,24,0.9,0.4,1.3,0.053,1.6,-1.8,-0.2,0.6,0
40,Jordan Bell,C,26,TOT,6,1,82,8,0.328,0.091,0.091,9.1,21.9,15.5,10.6,1.7,5.2,14.9,13.6,-0.1,0.1,0,-0.008,-5.9,0.1,-5.8,-0.1,0
40,Jordan Bell,C,26,WAS,5,1,67,8.5,0.35,0.1,0,9.5,20.5,15,9.5,2.1,3.7,13,14.2,-0.1,0.1,0,-0.004,-5.4,-0.3,-5.7,-0.1,0
40,Jordan Bell,C,26,GSW,1,0,15,5.6,0.174,0,1,7.2,28,17.7,15.5,0,11.8,25.8,11.1,0,0,0,-0.026,-8.3,1.7,-6.5,0,0
41,DeAndre' Bembry,SF,26,TOR,51,12,972,11.2,0.57,0.232,0.289,3.6,13.3,8.3,15.6,2.6,1.9,21.6,14.6,0.1,1.1,1.2,0.059,-3.2,1.4,-1.9,0,0
42,Dāvis Bertāns,PF,28,WAS,57,7,1464,11.4,0.62,0.895,0.241,1.3,10.8,6.1,4.4,1,0.7,5.9,15.9,2.1,1,3.1,0.101,0.3,-1.1,-0.8,0.4,0
43,Patrick Beverley,PG,32,LAC,37,34,832,12,0.58,0.641,0.205,4,11.8,8,12,1.7,3,12.4,14.6,1,1,2.1,0.119,-0.7,1.4,0.7,0.6,0
44,Saddiq Bey,SF,21,DET,70,53,1909,12.6,0.567,0.666,0.213,2.5,16.2,9.3,7.6,1.3,0.6,7.4,18.7,1.6,1.7,3.3,0.082,0.3,-0.8,-0.5,0.7,0
45,Tyler Bey,SF,22,DAL,18,0,71,5.9,0.372,0.182,0.227,12.5,16.9,14.7,5.6,0,1.3,11,16.9,-0.1,0,0,-0.033,-5.5,-3.9,-9.5,-0.1,0
46,Khem Birch,C,28,TOT,67,22,1529,15.1,0.552,0.137,0.339,11.6,15.3,13.4,8.5,1.5,3.1,9.2,13.6,2.3,1.4,3.8,0.118,-1,0.1,-1,0.4,0
46,Khem Birch,C,28,ORL,48,5,952,14.1,0.517,0.1,0.407,12.3,14.2,13.2,8,1.6,2.7,8.5,12.2,1.3,0.8,2.1,0.106,-1.7,0.1,-1.6,0.1,0
46,Khem Birch,C,28,TOR,19,17,577,16.9,0.596,0.181,0.257,10.5,17.2,13.7,9.4,1.3,3.8,9.9,15.8,1.1,0.6,1.7,0.138,0.1,0,0.1,0.3,0
47,Goga Bitadze,C,21,IND,45,3,561,16.3,0.523,0.407,0.314,11.7,17.3,14.5,8.9,0.8,8.7,7.1,18.1,0.7,0.8,1.5,0.129,-2,1,-1,0.1,0
48,Bismack Biyombo,C,28,CHO,66,36,1349,11.7,0.574,0.004,0.434,10.8,17.1,13.9,8.3,0.6,5.4,19.8,11.5,0.9,1.4,2.3,0.081,-3.4,0.4,-3,-0.4,0
49,Nemanja Bjelica,PF,32,TOT,37,3,595,12.9,0.554,0.434,0.26,5.4,18.5,11.9,16.2,1.2,0.8,13.1,18.4,0.5,0.3,0.9,0.071,-1.4,-0.8,-2.2,0,0
49,Nemanja Bjelica,PF,32,SAC,26,1,439,12.7,0.555,0.387,0.28,6,19.5,12.6,15.3,0.9,0.4,14.3,19.3,0.3,0.1,0.5,0.052,-1.3,-1.3,-2.6,-0.1,0
49,Nemanja Bjelica,PF,32,MIA,11,2,156,13.3,0.55,0.587,0.196,3.7,15.8,9.9,18.7,2.2,2,9.1,15.9,0.2,0.2,0.4,0.122,-1.8,0.4,-1.3,0,0
50,Eric Bledsoe,SG,31,NOP,71,70,2111,11.5,0.533,0.486,0.267,1.5,11.1,6.3,17.3,1.2,1.1,12.3,18.5,1.1,1.3,2.3,0.053,-1.2,-0.9,-2,0,0
51,Keljin Blevins,SF,25,POR,17,0,75,-0.9,0.3,0.4,0,4.2,10.3,7.1,6.7,1.3,0,20,14.3,-0.2,0,-0.2,-0.137,-8.3,-2.3,-10.7,-0.2,0
52,Bogdan Bogdanović,SG,28,ATL,44,27,1305,17.6,0.616,0.589,0.078,1.7,11.5,6.7,17.6,1.8,0.9,8.5,21.3,2.8,1.1,3.9,0.142,3.3,0.3,3.6,1.8,0
53,Bojan Bogdanović,SF,31,UTA,72,72,2216,14,0.588,0.498,0.286,2,11.1,6.7,9.1,1,0.1,10.9,22.8,2.7,2.5,5.2,0.113,0.2,-0.7,-0.4,0.9,0
54,Bol Bol,PF,21,DEN,32,2,160,9.4,0.534,0.414,0.259,0,16.9,8.5,6,0.9,6.1,16.8,21.2,-0.2,0.2,0,-0.004,-3.8,-0.3,-4.1,-0.1,0
55,Marques Bolden,C,22,CLE,6,0,29,13.3,0.537,0,2.667,11.3,11.9,11.6,0,3.4,6.1,23.5,12.8,0,0,0,0.063,-3.8,0.8,-3,0,0
56,Jordan Bone,PG,23,ORL,14,0,196,8.9,0.519,0.593,0,2,11,6.4,13.6,0.5,0,5.3,12.6,0.1,0.1,0.2,0.045,-3,-1.2,-4.2,-0.1,0
57,Isaac Bonga,SF,21,WAS,40,8,432,4,0.461,0.58,0.099,4.4,11.7,8.1,6.5,1.2,1.7,20.7,10.2,-0.4,0.4,0,-0.001,-5.8,0,-5.8,-0.4,0
58,Devin Booker,SG,24,PHO,67,67,2270,19.2,0.587,0.288,0.305,1.7,12.1,7,20.6,1.2,0.6,12.4,32.7,2.9,2,4.9,0.104,1.7,-1.4,0.3,1.3,0
59,Chris Boucher,C,28,TOR,60,14,1453,21.9,0.634,0.42,0.345,8.5,22.5,15.3,6.9,1.2,7.6,6.7,20.5,4,2.1,6.1,0.201,2.7,0.6,3.3,2,0
60,Brian Bowen,SF,22,IND,6,0,15,1,0.338,0.25,0.25,0,21.6,10.8,0,0,0,0,12.6,0,0,0,-0.063,-8.1,-2.9,-11,0,0
61,Avery Bradley,SG,30,TOT,27,6,602,6.3,0.487,0.591,0.088,1.4,9.1,5.2,10.8,1.7,0.5,13.6,14.9,-0.5,0.4,-0.1,-0.008,-4.9,-0.5,-5.4,-0.5,0
61,Avery Bradley,SG,30,MIA,10,1,211,10.4,0.607,0.576,0.136,1.1,8.5,4.9,10,1.6,0.5,11.4,16.9,0.1,0.2,0.3,0.072,-2.5,0.1,-2.4,0,0
61,Avery Bradley,SG,30,HOU,17,5,391,4,0.409,0.6,0.057,1.6,9.4,5.3,11.2,1.7,0.5,15,13.8,-0.6,0.2,-0.4,-0.052,-6.2,-0.8,-6.9,-0.5,0
62,Tony Bradley,C,23,TOT,42,8,684,20.7,0.678,0.015,0.279,13.3,24,18.6,8.5,1,3.9,13,15.8,1.8,1,2.7,0.192,1.2,0.1,1.3,0.6,0
62,Tony Bradley,C,23,PHI,20,8,287,21.1,0.683,0.013,0.147,15.2,24.5,19.9,8.7,1,4.1,7,12.9,1,0.5,1.5,0.245,2.3,1,3.3,0.4,0
62,Tony Bradley,C,23,OKC,22,0,397,20.4,0.676,0.016,0.361,11.9,23.6,17.7,8.3,1.1,3.8,16,18,0.8,0.5,1.3,0.154,0.4,-0.5,-0.2,0.2,0
63,Jarrell Brantley,PF,24,UTA,28,0,138,16.6,0.605,0.538,0.038,7.2,13.3,10.4,16.1,2.5,1.2,13.1,19,0.3,0.2,0.5,0.172,0.6,1.6,2.2,0.1,0
64,Ignas Brazdeikis,SF,22,TOT,13,0,249,9.5,0.51,0.337,0.169,4.5,14.7,9.4,10.5,0.8,1.1,11.9,17.6,-0.1,0.1,0.1,0.016,-3.2,-2.1,-5.3,-0.2,0
64,Ignas Brazdeikis,SF,22,NYK,4,0,7,11.2,0.532,0,2,15.7,15.3,15.5,17.5,0,0,34.7,18.3,0,0,0,0.039,-2.9,-1.2,-4.1,0,0
64,Ignas Brazdeikis,SF,22,PHI,1,0,8,-12,0,0.333,0,0,27,13.8,0,0,0,0,16.1,-0.1,0,-0.1,-0.33,-15.2,-6.2,-21.4,0,0
64,Ignas Brazdeikis,SF,22,ORL,8,0,234,10.2,0.528,0.342,0.152,4.3,14.2,9.1,10.6,0.8,1.2,11.5,17.6,0,0.1,0.1,0.027,-2.8,-2,-4.8,-0.2,0
65,Mikal Bridges,SF,24,PHO,72,72,2348,16.4,0.667,0.471,0.196,3.7,11.1,7.5,8.8,1.6,2.4,7.3,14.9,5.4,2.6,8,0.164,2.4,0.9,3.3,3.1,0
66,Miles Bridges,PF,22,CHO,66,19,1932,14.7,0.625,0.466,0.182,4.5,18,11.1,11.4,1.1,2.7,13.6,17.3,2.4,1.9,4.2,0.105,0.2,0.1,0.2,1.1,0
67,Amida Brimah,C,26,IND,5,0,29,16.6,0.697,0,0.375,7.5,22.3,15,4.8,0,14,30,19.6,0,0.1,0,0.073,-6.2,1.4,-4.8,0,0
68,Oshae Brissett,SF,22,IND,21,16,519,17.2,0.638,0.517,0.43,6.1,17.9,12,4.6,1.7,3.1,5.3,15.6,1.2,0.6,1.8,0.165,1.1,-0.5,0.6,0.3,0
69,Malcolm Brogdon,PG,28,IND,56,56,1930,17.9,0.561,0.382,0.181,3.3,13.2,8.3,25.7,1.2,0.6,9.8,25.9,2.9,1.3,4.2,0.105,3,-0.9,2.1,2,0
70,Armoni Brooks,SG,22,HOU,20,5,520,10.4,0.565,0.818,0.063,2,12.4,7,8.7,1.1,0.9,10,17.9,0.1,0.2,0.3,0.03,-1.1,-2.1,-3.2,-0.2,0
71,Dillon Brooks,SF,25,MEM,67,67,1997,12.1,0.515,0.361,0.189,2.8,7.7,5.2,11.7,1.9,1.2,9.6,26.1,-0.5,1.8,1.4,0.033,-2.6,-1.1,-3.7,-0.9,0
72,Bruce Brown,PG,24,BRK,65,37,1451,16.1,0.604,0.139,0.277,8.9,17.2,13.3,9.8,1.9,1.7,10.2,15.9,2.8,1.5,4.4,0.144,-0.4,0.2,-0.1,0.7,0
73,Charlie Brown Jr.,SG,23,OKC,9,1,152,4.1,0.422,0.488,0.233,2,9.7,5.8,8.2,1.3,1.2,11.2,14.9,-0.2,0.1,-0.1,-0.032,-7.4,-1.3,-8.7,-0.3,0
74,Jaylen Brown,SG,24,BOS,58,58,1999,19.9,0.586,0.37,0.225,3.9,15.5,9.7,16.5,1.8,1.5,11.5,29.7,2.8,2,4.8,0.115,3.2,-0.7,2.5,2.3,0
75,Moses Brown,C,21,OKC,43,32,920,18.8,0.572,0,0.47,17.2,26.2,21.6,1.7,1.6,4.5,11.7,16.9,1.3,1.3,2.6,0.138,-1.3,-1.2,-2.4,-0.1,0
76,Sterling Brown,SG,25,HOU,51,14,1229,11.1,0.597,0.642,0.093,3.2,16.8,9.7,8.4,1.5,0.9,10.5,13.5,1,0.8,1.8,0.071,-1.6,0,-1.6,0.1,0
77,Troy Brown Jr.,SF,21,TOT,34,0,524,8.5,0.525,0.486,0.146,4.2,17.4,10.8,7.2,0.9,1,12.1,14,0,0.5,0.5,0.043,-3.3,-0.6,-4,-0.3,0
77,Troy Brown Jr.,SF,21,WAS,21,0,287,6.3,0.471,0.517,0.169,4.1,18.4,11.3,8.5,0.5,1.2,14.3,16.1,-0.3,0.2,-0.1,-0.009,-4.2,-1.3,-5.5,-0.3,0
77,Troy Brown Jr.,SF,21,CHI,13,0,237,11.2,0.616,0.436,0.109,4.3,16.2,10.3,5.6,1.4,0.7,8,11.5,0.3,0.2,0.5,0.107,-2.3,0.2,-2.2,0,0
78,Jalen Brunson,PG,24,DAL,68,12,1697,17.1,0.618,0.319,0.241,1.8,13.1,7.5,21.3,1,0.1,10.3,20.2,3.9,1.1,5.1,0.143,1.5,-0.6,0.9,1.2,0
79,Elijah Bryant,SG,25,MIL,1,0,32,10.6,0.559,0.385,0.231,6.8,12.7,9.9,12.6,0,2.8,21.8,24,0,0,0,0.008,-3.9,-3.4,-7.3,0,0
80,Thomas Bryant,C,23,WAS,10,10,271,18.7,0.704,0.231,0.264,7.1,16.8,11.9,8.2,0.7,2.5,9.8,17.2,0.7,0.2,1,0.171,1.4,-0.6,0.9,0.2,0
81,Reggie Bullock,SF,29,NYK,65,64,1949,11.1,0.606,0.709,0.098,0.9,11.4,6.2,7.4,1.3,0.5,7.1,14.4,2.3,2.3,4.6,0.114,-0.9,0.8,-0.1,0.9,0
82,Trey Burke,PG,28,DAL,62,1,911,12.6,0.544,0.465,0.161,1.2,5.3,3.3,12.9,1.9,0.7,8,20,0.7,0.7,1.4,0.071,-1.4,-0.4,-1.8,0,0
83,Alec Burks,SG,29,NYK,49,5,1255,14.8,0.564,0.492,0.236,1.8,17.6,9.8,13.2,1.2,1.1,8.2,21.3,1.5,1.8,3.3,0.126,0.9,0.6,1.5,1.1,0
84,Jimmy Butler,SF,31,MIA,52,52,1745,26.5,0.607,0.139,0.565,6.3,17.1,11.8,35.1,3.1,1.1,10.6,26.6,6.6,2.7,9.3,0.255,5.4,2.3,7.7,4.3,1
85,Bruno Caboclo,PF,25,HOU,6,0,36,9,0.475,0.294,0.118,8.5,34,20.7,4.7,0,5,18.3,25.8,-0.1,0,-0.1,-0.088,-8.5,-1.7,-10.2,-0.1,0
86,Devontae Cacok,PF,24,LAL,20,1,98,17.2,0.576,0,0.379,13.8,22.8,18.4,1.5,2.5,3.7,12.9,17.2,0.1,0.2,0.3,0.142,-1.5,0.4,-1,0,0
87,Kentavious Caldwell-Pope,SG,27,LAL,67,67,1902,10.7,0.588,0.579,0.221,1.6,8.9,5.3,9.2,1.6,1.2,10.6,14.2,1.6,2.6,4.2,0.107,-1.6,1,-0.5,0.7,0
88,Facundo Campazzo,PG,29,DEN,65,19,1425,11.6,0.558,0.686,0.289,1.8,8.9,5.3,20.2,2.7,1,17.1,13.1,1.6,1.5,3.1,0.105,-1.7,1.2,-0.6,0.5,0
89,Vlatko Čančar,PF,23,DEN,41,1,281,9.7,0.547,0.458,0.181,4.5,15.7,10.1,6.4,1.9,0.7,15.3,14.2,0,0.3,0.3,0.053,-2.6,0,-2.6,0,0
90,Devin Cannady,PG,24,ORL,8,0,74,11.2,0.547,0.571,0.25,0,7.3,3.5,2.1,3.3,1.2,6,19.3,0,0.1,0.1,0.057,-4,1,-3.1,0,0
91,Clint Capela,C,26,ATL,63,63,1898,24.3,0.601,0,0.327,17.5,34.3,26.1,4.1,1.1,6,8.4,19.9,4.9,3.3,8.2,0.207,2.7,0,2.7,2.2,0
92,Vernon Carey Jr.,C,19,CHO,19,4,115,11.7,0.563,0.194,0.306,5.6,20.1,12.7,2.6,0.4,4.3,10.9,17.2,0,0.1,0.2,0.066,-4.4,-1.7,-6.1,-0.1,0
93,Jevon Carter,PG,25,PHO,60,1,717,12.2,0.548,0.677,0.031,2.6,11.8,7.3,13,2,1.1,6.6,15,0.7,0.8,1.6,0.104,-0.4,0.9,0.5,0.5,0
94,Wendell Carter Jr.,C,21,TOT,54,44,1375,16.7,0.566,0.112,0.392,10.2,24.6,17.4,11.2,1.2,2.7,12.7,19.3,1.7,1.7,3.4,0.118,-1.1,-0.2,-1.3,0.2,0
94,Wendell Carter Jr.,C,21,CHI,32,25,792,16.3,0.578,0.087,0.44,9.9,24.9,17.5,12.3,1.1,2.6,14,19.1,1.1,1,2.1,0.13,-1.4,0.4,-1,0.2,0
94,Wendell Carter Jr.,C,21,ORL,22,19,583,17.3,0.549,0.141,0.332,10.7,24.1,17.2,9.7,1.4,2.8,11,19.5,0.6,0.7,1.2,0.103,-0.8,-1,-1.7,0,0
95,Michael Carter-Williams,SG,29,ORL,31,25,800,9.5,0.449,0.226,0.296,4.9,13.4,9,24.3,1.5,1.9,18.4,20.2,-1.1,0.6,-0.5,-0.028,-4.6,-0.2,-4.8,-0.6,0
96,Alex Caruso,PG,26,LAL,58,6,1216,11.1,0.547,0.449,0.249,2.9,12.8,7.9,18.1,2.6,1.1,18.3,14.8,0.3,2.1,2.4,0.095,-2.5,2.5,0,0.6,0
97,Willie Cauley-Stein,C,27,DAL,53,16,906,14.3,0.647,0.06,0.429,8.1,20.5,14.3,5.3,1.1,4.4,11.8,12,1.6,1.2,2.8,0.147,-2.2,0.9,-1.3,0.2,0
98,Chris Chiozza,PG,25,BRK,22,1,232,12.9,0.461,0.477,0.193,1.5,9.5,5.7,36.9,1.5,2.3,14.4,21,0.1,0.2,0.3,0.063,-0.1,-0.6,-0.7,0.1,0
99,Marquese Chriss,PF,23,GSW,2,0,27,11.8,0.412,0.357,0.286,12,38.9,25.6,11,0,6.5,11.3,28.1,-0.1,0.1,0,-0.03,-2.4,0.3,-2.1,0,0
100,Gary Clark,SF-PF,26,TOT,39,11,654,6,0.436,0.818,0.076,5.1,13.5,9.1,6.4,1,1,11.1,10.1,-0.3,0.4,0.1,0.008,-4.2,-0.7,-4.9,-0.5,0
100,Gary Clark,SF,26,ORL,35,11,637,6.1,0.439,0.824,0.076,5.2,13.3,9.1,6.4,0.9,1,11.2,10.3,-0.2,0.3,0.1,0.007,-4.2,-0.7,-4.9,-0.5,0
100,Gary Clark,SF,26,DEN,2,0,4,2.9,,,,0,28.2,14.2,0,0,0,,0,0,0,0,0.037,-4.4,-2,-6.5,0,0
100,Gary Clark,PF,26,PHI,2,0,13,3.8,0,0,0,0,16.6,8.5,9,3.7,0,0,3.3,0,0,0,0.044,-6.5,0.6,-5.9,0,0
101,Brandon Clarke,PF,24,MEM,59,16,1415,17.3,0.56,0.156,0.228,7.2,17.5,12.3,9.5,2,3.2,5.7,17.2,2.2,2,4.2,0.142,0.4,1.2,1.5,1.3,0
102,Jordan Clarkson,SG,28,UTA,68,1,1818,17.1,0.549,0.557,0.134,2.9,12.7,8,15.3,1.6,0.4,9.2,29.7,1.7,2.5,4.2,0.111,1.8,-0.4,1.4,1.6,0
103,Nic Claxton,C,21,BRK,32,1,594,16.9,0.612,0.034,0.441,8.4,21.8,15.4,6.4,1.9,5.9,9.4,14,1,0.9,1.9,0.153,-1,1.4,0.4,0.4,0
104,Amir Coffey,SG,23,LAC,44,1,394,10.1,0.585,0.544,0.369,2.9,9.4,6.3,7.4,1.3,0,11.1,15.1,0.4,0.3,0.7,0.085,-1.9,-0.1,-2,0,0
105,John Collins,PF,23,ATL,63,63,1848,20.6,0.645,0.27,0.265,7.1,20.3,13.8,6.9,0.9,3,8.9,22.2,4.8,1.9,6.7,0.174,2.5,-0.2,2.3,2,0
106,Mike Conley,PG,33,UTA,51,51,1498,19.2,0.589,0.523,0.222,2.7,9.6,6.3,30.6,2.3,0.5,12.4,23.1,4,2.1,6.1,0.197,3.6,1.3,4.9,2.6,0
107,Pat Connaughton,SG,28,MIL,69,4,1575,11.3,0.578,0.703,0.103,4.4,17.3,11.1,6.3,1.5,1.3,7.5,11.6,1.8,1.7,3.5,0.108,-0.5,0.5,0,0.8,0
108,Quinn Cook,PG,27,TOT,23,0,157,12.7,0.531,0.382,0.118,1.4,10.9,6.1,18.3,1.3,0.6,8.9,21.8,0.1,0.1,0.2,0.061,-1,-0.2,-1.2,0,0
108,Quinn Cook,PG,27,LAL,16,0,62,13.8,0.585,0.5,0.192,0,9,4.5,12.5,0.8,1.4,9.6,21.9,0.1,0.1,0.1,0.098,-0.3,-0.1,-0.4,0,0
108,Quinn Cook,PG,27,CLE,7,0,95,12,0.496,0.31,0.071,2.3,12.1,7.1,22.1,1.6,0,8.5,21.7,0,0.1,0.1,0.037,-1.5,-0.2,-1.7,0,0
109,Tyler Cook,SF-PF,23,TOT,32,1,438,12.8,0.659,0.019,0.34,7,17.2,12.1,5.9,0.9,0.4,15.1,13.9,0.5,0.3,0.8,0.09,-2.2,-0.9,-3,-0.1,0
109,Tyler Cook,PF,23,BRK,4,0,17,1.6,0.333,0,0,6.9,6.2,6.5,14.1,0,0,25,10.3,0,0,0,-0.047,-5.2,-1,-6.2,0,0
109,Tyler Cook,SF,23,DET,28,1,421,13.2,0.667,0.02,0.35,7.1,17.6,12.3,5.6,0.9,0.4,14.8,14.1,0.5,0.3,0.8,0.096,-2,-0.8,-2.9,-0.1,0
110,DeMarcus Cousins,C,30,TOT,41,11,713,16.4,0.537,0.443,0.266,8,32.7,20,16.3,2.3,3,15.8,24.5,0,1.2,1.2,0.079,-1.2,1.6,0.4,0.4,0
110,DeMarcus Cousins,C,30,HOU,25,11,506,14.9,0.511,0.552,0.281,6.1,35.4,20.1,18,2,3.2,14.2,23.1,-0.1,0.8,0.7,0.062,-1.6,1.5,-0.1,0.2,0
110,DeMarcus Cousins,C,30,LAC,16,0,207,20.3,0.597,0.2,0.232,12.9,25.9,19.6,12.4,3.1,2.6,19.3,27.7,0.1,0.4,0.5,0.119,-0.2,1.9,1.7,0.2,0
111,Robert Covington,PF,30,POR,70,70,2243,11.2,0.553,0.699,0.122,2.8,19.8,11.1,6.8,2.2,3.4,10.7,11.5,1.4,2.4,3.7,0.08,-1.3,1.5,0.2,1.2,0
112,Torrey Craig,SF,30,TOT,50,8,803,14.2,0.579,0.467,0.097,8.1,19.1,13.7,7.9,1.7,2.9,9.6,14.3,1.1,1.1,2.2,0.133,-0.3,0.7,0.4,0.5,0
112,Torrey Craig,SF,30,MIL,18,0,201,10.3,0.48,0.478,0.043,7.1,15.1,11.2,9.5,2.1,3.1,9.6,10.8,0.1,0.3,0.4,0.097,-2.2,1.6,-0.6,0.1,0
112,Torrey Craig,SF,30,PHO,32,8,602,15.5,0.603,0.464,0.11,8.4,20.4,14.5,7.4,1.6,2.8,9.5,15.5,1,0.8,1.8,0.145,0.4,0.4,0.8,0.4,0
113,Jae Crowder,PF,30,PHO,60,42,1648,11.8,0.574,0.772,0.152,2.2,16.9,9.7,10,1.4,1.5,9.5,15.7,1.4,1.9,3.3,0.097,0.3,0.8,1.1,1.3,0
114,Jarrett Culver,SG,21,MIN,34,7,499,8.8,0.476,0.315,0.286,7.1,15.8,11.3,6.8,1.6,1.6,12.9,18.2,-0.4,0.3,-0.1,-0.006,-4.5,-1.1,-5.6,-0.5,0
115,Seth Curry,SG,30,PHI,57,57,1638,12.9,0.607,0.507,0.139,0.7,8.3,4.6,13.6,1.3,0.4,10,17.1,2.3,1.7,4,0.118,0.1,-0.4,-0.3,0.7,0
116,Stephen Curry,PG,32,GSW,63,63,2152,26.3,0.655,0.587,0.289,1.5,15.4,8.5,30.5,1.7,0.3,12.2,34.8,6.5,2.5,9,0.201,8.3,0.4,8.7,5.8,1
117,Nate Darling,SG,22,CHO,7,0,26,8.2,0.541,1,0.429,4.1,0,2.1,5.1,0,3.8,10.7,15.4,0,0,0,0.038,-1.5,-2.5,-4,0,0
118,Anthony Davis,PF,27,LAL,36,36,1162,22.1,0.556,0.163,0.349,6,21.5,13.8,16.4,1.9,4.5,9.5,29.2,1.3,2.4,3.7,0.152,2.6,2.2,4.8,2,0
119,Ed Davis,C,31,MIN,23,7,299,13.1,0.487,0,0.273,16.1,26,20.8,9,2.1,3.8,12.4,7.9,0.5,0.4,0.8,0.135,-3.3,1.1,-2.2,0,0
120,Terence Davis,SG,23,TOT,61,4,1074,12.7,0.555,0.586,0.121,2,14.1,7.9,11.4,2,1.2,11.6,21.8,0.1,0.8,0.8,0.038,-0.9,-0.9,-1.7,0.1,0
120,Terence Davis,SG,23,TOR,34,4,493,11.1,0.537,0.581,0.086,1.9,13.2,7.4,11.6,1.7,1.4,11.7,21.6,-0.2,0.4,0.3,0.026,-1.8,-0.8,-2.6,-0.1,0
120,Terence Davis,SG,23,SAC,27,0,581,14,0.57,0.589,0.15,2.1,14.9,8.4,11.3,2.2,1,11.5,21.9,0.2,0.3,0.6,0.047,-0.1,-0.9,-0.9,0.2,0
121,Gabriel Deck,PF,25,OKC,10,0,212,16.1,0.548,0.224,0.328,7.8,11.9,9.8,17.3,1.8,0,7.3,16.6,0.4,0.1,0.5,0.12,0,-0.4,-0.4,0.1,0
122,Dewayne Dedmon,C,31,MIA,16,0,210,24.5,0.735,0.077,0.415,15.5,31,23.4,9.6,2.1,3,14.5,19.3,0.7,0.4,1.1,0.256,1.2,0.5,1.7,0.2,0
123,Matthew Dellavedova,PG,30,CLE,13,1,224,7.3,0.312,0.446,0.071,2.9,9.2,6,35.3,0.9,0.4,9.4,12.4,-0.1,0.1,0,0.005,-4.5,-1.9,-6.4,-0.3,0
124,DeMar DeRozan,PF,31,SAS,61,61,2056,22,0.591,0.08,0.478,2,11.6,6.7,32,1.3,0.6,9.7,26.1,5.9,1.5,7.4,0.172,3.2,-0.1,3.1,2.6,0
125,Mamadi Diakite,PF,24,MIL,14,1,141,12.3,0.477,0.2,0.35,6.2,18.7,12.7,7,2.3,3.8,6.1,14.6,0.1,0.2,0.3,0.102,-3.3,0.9,-2.4,0,0
126,Hamidou Diallo,SG-SF,22,TOT,52,9,1226,14.3,0.541,0.174,0.426,5.1,18.8,11.9,13.3,1.6,1.7,12,22.2,0.3,1.3,1.6,0.063,-2.2,0.1,-2.1,0,0
126,Hamidou Diallo,SG,22,OKC,32,5,761,15,0.536,0.138,0.444,5,17.7,11.3,16.4,1.9,1.4,12.1,22.5,0.3,0.8,1,0.065,-2.1,0.6,-1.5,0.1,0
126,Hamidou Diallo,SF,22,DET,20,4,465,13.1,0.549,0.237,0.393,5.2,20.6,12.8,8.3,1.1,2.2,11.7,21.6,0.1,0.5,0.6,0.059,-2.4,-0.8,-3.2,-0.1,0
127,Gorgui Dieng,C,31,TOT,38,1,552,19.2,0.67,0.429,0.411,7.6,19.5,13.5,12,2.3,2.6,14.3,17.4,1.3,0.8,2.1,0.185,1.8,1.5,3.4,0.7,0
127,Gorgui Dieng,C,31,MEM,22,1,371,19.2,0.682,0.444,0.398,7.9,20.2,14,10.6,2.2,3.4,14.8,17,0.9,0.6,1.5,0.19,1.8,1.6,3.3,0.5,0
127,Gorgui Dieng,C,31,SAS,16,0,181,19,0.648,0.4,0.436,6.9,18,12.3,15,2.4,0.9,13.2,18.2,0.4,0.2,0.7,0.175,2,1.5,3.5,0.2,0
128,Spencer Dinwiddie,SG,27,BRK,3,3,64,10.1,0.536,0.438,0.375,0,21.3,11.2,17.6,1.5,1.4,21.2,16.1,0,0.1,0.1,0.045,-2.4,2.6,0.2,0,0
129,Donte DiVincenzo,SG,24,MIL,66,66,1814,13,0.542,0.574,0.118,4.9,16.7,11,14.2,1.9,0.7,12.5,16.7,1.5,2.1,3.6,0.095,-0.2,0.4,0.3,1,0
130,Luka Dončić,PG,21,DAL,66,66,2262,25.3,0.587,0.406,0.349,2.7,22.9,12.8,44.1,1.4,1.5,15.3,36,5.1,2.6,7.7,0.163,6.1,0.7,6.8,5.1,1
131,Luguentz Dort,SG,21,OKC,52,52,1543,10.1,0.513,0.515,0.257,2.5,10.3,6.4,8.8,1.4,1.1,10,21.7,-0.6,1,0.3,0.011,-2.6,-0.9,-3.5,-0.6,0
132,Damyean Dotson,SG,26,CLE,46,7,907,8.1,0.499,0.543,0.123,0.6,11.1,5.7,15.1,0.9,0.4,12,16.9,-0.4,0.3,0,-0.002,-3.4,-1.4,-4.8,-0.6,0
133,Devon Dotson,PG,21,CHI,11,0,50,19.3,0.548,0.333,0,4.5,6.6,5.5,21.4,3.9,0,0,18.2,0.1,0.1,0.2,0.177,-0.1,2.2,2.1,0.1,0
134,Sekou Doumbouya,PF,20,DET,56,11,869,6.9,0.459,0.408,0.227,4.9,13.5,9.2,8,1.4,0.9,12.4,17.8,-0.9,0.7,-0.2,-0.012,-5.4,-1.3,-6.7,-1,0
135,PJ Dozier,SG,24,DEN,50,6,1088,10.4,0.501,0.42,0.186,3.7,15.3,9.5,11.2,1.4,2,10.7,17.2,0.1,1.1,1.1,0.051,-2.3,-0.4,-2.6,-0.2,0
136,Goran Dragić,PG,34,MIA,50,11,1337,13,0.552,0.44,0.22,2.2,12.1,7.2,25.9,1.2,0.6,16.2,24.5,0.2,1.2,1.3,0.048,-1.1,-1.3,-2.3,-0.1,0
137,Andre Drummond,C,27,TOT,46,46,1242,19.4,0.519,0.014,0.358,14.8,35.2,24.9,13.2,2.5,3.5,15.8,27.6,-0.6,2.5,2,0.077,-1.7,0.5,-1.2,0.3,0
137,Andre Drummond,C,27,CLE,25,25,722,20.5,0.5,0.021,0.339,15.3,37.5,26.1,16.2,2.7,3.6,15.6,31.3,-0.8,1.3,0.6,0.037,-1,0.2,-0.8,0.2,0
137,Andre Drummond,C,27,LAL,21,21,520,17.9,0.554,0,0.396,14.1,32,23.1,9,2.2,3.4,16,22.4,0.2,1.2,1.4,0.133,-2.7,1,-1.7,0,0
138,Jared Dudley,PF,35,LAL,12,0,81,4.4,0.333,0.667,0,5.6,23.5,14.6,7.6,0.6,1.1,18.2,5.9,0,0.1,0.1,0.053,-4.4,0.9,-3.5,0,0
139,Kris Dunn,PG,26,ATL,4,0,45,-5.7,0.182,0.167,0.333,0,14.3,7.3,5.4,2.2,3.9,17.9,16.2,-0.2,0.1,-0.2,-0.202,-13.7,-0.1,-13.7,-0.1,0
140,Kevin Durant,PF,32,BRK,35,32,1157,26.4,0.666,0.313,0.395,1.3,21.3,11.8,27.5,1,3.4,14.5,31.2,3.7,1.2,5,0.206,6.4,0.8,7.2,2.7,0
141,Anthony Edwards,SG,19,MIN,72,55,2314,13.9,0.523,0.429,0.225,2.7,13.5,7.9,14.6,1.7,1.3,10.7,27,-0.6,1.4,0.8,0.017,-0.4,-1.7,-2.1,-0.1,0
142,Carsen Edwards,SG,22,BOS,31,1,276,10.2,0.527,0.568,0.117,1.2,9.4,5.2,7.4,1.2,0.3,5.7,19.3,0.1,0.2,0.3,0.051,-3.2,-1.3,-4.5,-0.2,0
143,CJ Elleby,SF,20,POR,30,0,192,9.4,0.468,0.515,0.227,6,12,8.9,7.1,1.5,1.4,6.4,17.4,0,0.1,0.1,0.032,-4,-0.9,-4.9,-0.1,0
144,Henry Ellenson,PF,24,TOR,2,0,38,12.8,0.476,0.643,0.286,8.4,27,17.4,18.9,0,0,0,17.9,0.1,0,0.1,0.127,-1.7,-0.1,-1.8,0,0
145,Wayne Ellington,SG,33,DET,46,31,1012,12.2,0.625,0.814,0.104,1.3,8.1,4.7,10.2,0.9,0.8,8.5,16.7,1.3,0.5,1.9,0.088,1.1,-1.3,-0.2,0.5,0
146,Joel Embiid,C,26,PHI,51,51,1585,30.3,0.636,0.171,0.61,8,29.1,18.7,16.2,1.5,3.9,12.2,35.3,5.6,3.2,8.8,0.266,6.3,1.2,7.5,3.8,1
147,James Ennis III,SF,30,ORL,41,37,986,12.5,0.613,0.428,0.358,4.4,13.4,8.7,9.3,1.6,0.6,11.3,13.9,1.3,0.7,2,0.097,-1.9,-0.3,-2.2,-0.1,0
148,Drew Eubanks,C,23,SAS,54,3,755,17.9,0.618,0.01,0.517,10.2,24,17,7.9,1.2,5.5,15.2,17.1,1.2,1.1,2.3,0.145,-1,1,0,0.4,0
149,Dante Exum,SG,25,CLE,6,3,116,5.9,0.428,0.423,0.077,1.9,14.8,8.2,15.8,1.7,1.5,20.7,12.7,-0.2,0.1,-0.1,-0.025,-5.4,1.6,-3.8,-0.1,0
150,Tacko Fall,C,25,BOS,19,0,136,19.6,0.66,0,0.517,13,29.7,21.3,3.1,0.4,13.7,14.4,13.2,0.2,0.3,0.5,0.177,-1.7,2.9,1.2,0.1,0
151,Derrick Favors,C,29,UTA,68,0,1039,19.7,0.663,0.008,0.329,14.7,23.3,19.2,6,1.5,5.3,11.5,13,2.9,2.2,5.1,0.237,0.3,2.4,2.6,1.2,0
152,Cristiano Felício,C,28,CHI,18,0,84,14.7,0.574,0.154,1.231,13.3,20.9,17.2,13.6,2.3,0,16.6,12.4,0.2,0.1,0.3,0.151,-1.1,1.2,0.1,0,0
153,Terrance Ferguson,SG,22,PHI,13,0,49,-7.1,0.143,0.714,0,0,2.2,1.1,4.9,1,0,36.4,9.7,-0.2,0,-0.2,-0.161,-12.1,-2.2,-14.3,-0.2,0
154,Bruno Fernando,C,22,ATL,33,0,226,6.2,0.475,0.045,0.5,7.9,29.4,18.9,5.8,0.9,1.2,28.1,14.4,-0.3,0.3,-0.1,-0.019,-6.1,-0.4,-6.5,-0.3,0
155,Yogi Ferrell,PG,27,TOT,10,0,136,14.4,0.459,0.491,0.158,4.1,11.4,7.8,22.9,2.5,2,4.7,20.7,0.1,0.2,0.3,0.099,-0.5,0.8,0.2,0.1,0
155,Yogi Ferrell,PG,27,CLE,2,0,40,12.4,0.434,0.429,0.095,8.2,11.5,9.8,20.9,3.7,2.2,12.1,27.1,-0.1,0.1,0,-0.036,-1.9,1,-1,0,0
155,Yogi Ferrell,PG,27,LAC,8,0,96,15.3,0.473,0.528,0.194,2.4,11.4,7,23.7,2.1,1.9,0,18,0.2,0.1,0.3,0.154,0,0.7,0.7,0.1,0
156,Dorian Finney-Smith,PF,27,DAL,60,60,1921,12,0.609,0.648,0.088,5.7,13,9.3,7.2,1.3,1.2,9,12.2,2.8,1.6,4.4,0.11,0.2,0,0.1,1,0
157,Malik Fitts,PF,23,LAC,3,0,11,2.9,0.5,0.667,0,0,29.8,15.3,0,0,0,0,12.1,0,0,0,0.049,-7,-2.1,-9.1,0,0
158,Malachi Flynn,PG,22,TOR,47,14,928,10.9,0.484,0.494,0.165,1.1,13,6.9,21.4,2,0.8,10.5,19,0,0.8,0.8,0.041,-2.5,-0.2,-2.6,-0.1,0
159,Bryn Forbes,SG,27,MIL,70,10,1354,12.8,0.631,0.645,0.115,0.9,7.6,4.3,4.5,0.8,0.1,7.3,18.5,2,0.7,2.7,0.096,0.4,-1.7,-1.3,0.2,0
160,Trent Forrest,PG,22,UTA,30,0,302,11.2,0.554,0.366,0.268,4,11.1,7.7,19.9,1.5,1.1,20.9,14.3,0.3,0.4,0.7,0.106,-2.5,1.2,-1.3,0.1,0
161,Evan Fournier,SF-SG,28,TOT,42,36,1259,16.7,0.598,0.523,0.253,0.8,10.2,5.4,18.6,1.8,1.4,10.8,23.1,1.8,1,2.8,0.107,1.5,-0.4,1.1,1,0
161,Evan Fournier,SF,28,ORL,26,26,787,18.2,0.604,0.509,0.333,0.6,9.5,4.9,20.9,1.7,1,11.3,26.2,1.2,0.5,1.7,0.104,2.3,-0.6,1.7,0.7,0
161,Evan Fournier,SG,28,BOS,16,10,472,14.1,0.584,0.552,0.081,1.2,11.4,6.3,14.9,2.1,2,9.6,18,0.6,0.5,1.1,0.111,0.1,0.1,0.2,0.3,0
162,De'Aaron Fox,PG,23,SAC,58,58,2036,20.7,0.565,0.288,0.376,1.8,9.4,5.5,32.7,2.1,1.1,11.9,31,3.4,0.8,4.2,0.098,3.1,-1.3,1.8,2,0
163,Robert Franks,PF,24,ORL,7,0,101,16.5,0.638,0.536,0.464,6,8.5,7.2,7.4,1.4,2.7,5.6,15.3,0.3,0.1,0.3,0.158,0.7,-0.8,-0.2,0,0
164,Tim Frazier,PG,30,MEM,5,0,62,-0.5,0.177,0.4,0.3,0,13.8,6.8,30.8,1.5,1.5,15,18.1,-0.3,0.1,-0.2,-0.169,-10.7,-1.2,-11.9,-0.2,0
165,Enes Freedom,C,28,POR,72,35,1758,22.4,0.636,0.007,0.292,16.8,31.9,24.2,7.2,0.9,2.4,11,17.4,5.7,1.7,7.5,0.204,2.1,-1.4,0.6,1.2,0
166,Markelle Fultz,PG,22,ORL,8,8,215,12,0.458,0.154,0.183,2.3,10,6,33.1,1.8,0.8,13.8,26.2,-0.3,0.1,-0.1,-0.024,-3.6,-0.9,-4.4,-0.1,0
167,Wenyen Gabriel,PF,23,NOP,21,0,241,9.8,0.533,0.533,0.283,9,15.3,12.2,5.9,1.8,3.1,18.2,14.4,0,0.3,0.3,0.052,-3.2,-0.1,-3.3,-0.1,0
168,Daniel Gafford,PF-C,22,TOT,54,11,791,22.2,0.697,0,0.48,12.9,18.6,15.8,5.3,1.5,8.1,13.1,16.7,2.1,1.3,3.5,0.209,0.6,1.6,2.2,0.8,0
168,Daniel Gafford,PF,22,CHI,31,11,383,18.8,0.7,0,0.471,12.9,16.9,14.9,6.2,1.4,7.7,17.3,14.4,0.8,0.6,1.5,0.182,-1.3,1.6,0.3,0.2,0
168,Daniel Gafford,C,22,WAS,23,0,408,25.4,0.696,0,0.486,13,20.2,16.6,4.4,1.7,8.4,10.2,18.9,1.3,0.7,2,0.235,2.5,1.6,4,0.6,0
169,Danilo Gallinari,PF,32,ATL,51,4,1222,16.3,0.613,0.535,0.366,1.6,17,9.5,9.2,1.2,0.7,7.2,21.2,2.7,1,3.7,0.146,1.7,-0.6,1.1,1,0
170,Langston Galloway,SG,29,PHO,40,0,438,12.1,0.605,0.578,0.156,1.8,8.9,5.4,8,0.9,0,7.6,17.3,0.6,0.3,0.9,0.096,-0.1,-0.8,-0.9,0.1,0
171,Darius Garland,PG,21,CLE,54,50,1790,14.2,0.547,0.332,0.165,1.4,6.8,4,30.9,1.8,0.3,16,24.9,0.3,0.9,1.2,0.033,0,-2.1,-2.1,-0.1,0
172,Marc Gasol,C,36,LAL,52,42,993,12.2,0.606,0.629,0.258,4.3,19.9,12.2,14.7,1.3,5.2,19.7,11.8,0.8,1.9,2.8,0.133,-1.4,3.7,2.3,1.1,0
173,Rudy Gay,PF,34,SAS,63,1,1358,14.7,0.532,0.443,0.162,3.2,20.9,11.9,9.7,1.6,2.5,8.8,23.6,0,1.7,1.7,0.059,-0.1,0,-0.1,0.6,0
174,Paul George,SF,30,LAC,54,54,1821,20.5,0.598,0.437,0.239,2.9,18.9,11.1,24.6,1.7,1.2,14.5,30,3,2.3,5.3,0.139,3.9,0.3,4.2,2.9,1
175,Taj Gibson,C,35,NYK,45,3,936,16,0.661,0.095,0.348,11.6,17.3,14.5,5.4,1.7,5,10.8,9.7,2.1,1.7,3.8,0.195,-0.7,2.1,1.3,0.8,0
176,Harry Giles,C,22,POR,38,0,348,12.4,0.496,0.237,0.278,9.3,32.2,20.4,11.3,1.1,3.3,15.5,15.9,0.1,0.4,0.5,0.069,-3.2,0.2,-2.9,-0.1,0
177,Shai Gilgeous-Alexander,SG,22,OKC,35,35,1180,21.6,0.623,0.301,0.405,1.7,13.1,7.3,31.2,1.1,1.7,13.7,27.8,2.7,0.8,3.5,0.143,3.9,0.2,4.1,1.8,0
178,Anthony Gill,PF,28,WAS,26,4,218,13.7,0.597,0.4,0.267,7.8,17,12.4,6.7,2.1,1.5,10.7,14.2,0.3,0.3,0.6,0.123,-1.6,0.3,-1.3,0,0
179,Freddie Gillespie,PF,23,TOR,20,2,392,13.4,0.563,0,0.393,11.4,16,13.6,3.2,1.6,5.1,10.9,12.2,0.5,0.5,0.9,0.116,-3.1,-0.1,-3.2,-0.1,0
180,Rudy Gobert,C,28,UTA,71,71,2187,23.5,0.683,0.007,0.646,12.2,33.5,23.3,6,0.9,7,13.7,17,6.1,5.2,11.3,0.248,2.1,2.8,4.9,3.8,1
181,Brandon Goodwin,PG,25,ATL,47,5,620,9.2,0.471,0.462,0.193,1.4,10.6,6.1,21.6,1.3,0,13,19.5,-0.2,0.4,0.2,0.013,-2.5,-0.6,-3.1,-0.2,0
182,Aaron Gordon,PF,25,TOT,50,50,1384,14.5,0.547,0.353,0.299,6,16.4,11.1,17.8,1.2,2.3,14.7,20.7,0.7,1.2,1.9,0.066,0.2,-0.1,0.1,0.7,0
182,Aaron Gordon,PF,25,ORL,25,25,736,14.9,0.537,0.382,0.358,5.3,18.5,11.7,23,1.1,2.5,16.5,23.8,0,0.6,0.6,0.037,0.5,0.1,0.6,0.5,0
182,Aaron Gordon,PF,25,DEN,25,25,648,14.1,0.564,0.311,0.214,6.7,13.9,10.3,11.8,1.3,2.1,11.7,17.2,0.7,0.6,1.3,0.099,-0.1,-0.3,-0.4,0.3,0
183,Eric Gordon,SG,32,HOU,27,13,789,14.4,0.577,0.572,0.311,1,7.1,3.9,14.6,0.8,1.5,10.9,25.2,0.6,0.2,0.8,0.048,0.7,-1.7,-1.1,0.2,0
184,Devonte' Graham,PG,25,CHO,55,44,1659,14.6,0.552,0.713,0.236,1.4,8.4,4.8,26.3,1.4,0.4,10.2,21.4,2.5,0.9,3.4,0.099,1.8,-1.1,0.7,1.1,0
185,Jerami Grant,SF,26,DET,54,54,1829,16.9,0.556,0.353,0.368,2.1,13.2,7.6,14.3,0.9,2.8,9.1,28.5,1.6,1.6,3.2,0.083,1.9,-0.8,1.1,1.4,0
186,Danny Green,SF,33,PHI,69,69,1934,12.1,0.582,0.794,0.074,3.2,11.5,7.4,8.3,2.3,2.6,10.7,14,1.6,3.1,4.6,0.115,0.4,1.5,1.9,1.9,0
187,Draymond Green,PF,30,GSW,63,63,1982,13.3,0.53,0.332,0.232,3,20.9,12.1,36.4,2.5,2.3,31,13.1,1.2,3.4,4.6,0.112,-1.6,3.3,1.7,1.9,0
188,JaMychal Green,PF,30,DEN,58,5,1120,13.6,0.59,0.529,0.152,8.6,19.4,14,6.4,1.1,1.9,11.7,17.6,1.4,1.2,2.6,0.11,-0.5,-1,-1.5,0.1,0
189,Javonte Green,SF-SG,27,TOT,41,2,473,12.1,0.61,0.294,0.392,6.1,10.6,8.3,4.8,2.9,1.1,13.7,12.6,0.5,0.6,1.1,0.107,-2.2,1.7,-0.5,0.2,0
189,Javonte Green,SF,27,BOS,25,2,345,11.8,0.624,0.31,0.423,6.4,10.4,8.4,4.3,2.5,0.5,13.4,12.1,0.4,0.3,0.8,0.105,-1.7,1.3,-0.5,0.1,0
189,Javonte Green,SG,27,CHI,16,0,128,13.1,0.579,0.258,0.323,5.3,11.1,8.2,6.1,3.8,2.7,14.5,14,0.1,0.2,0.3,0.114,-3.4,2.8,-0.6,0,0
190,Jeff Green,C,34,BRK,68,38,1835,13,0.624,0.472,0.304,2.2,13.1,7.9,7.8,0.9,1.3,8.2,15.6,2.9,1.2,4.1,0.107,0,-0.9,-0.8,0.6,0
191,Josh Green,SG,20,DAL,39,5,445,8.8,0.49,0.269,0.247,7,12.3,9.7,8.3,1.8,0.6,14.2,11.9,0.1,0.4,0.5,0.05,-3.7,0.1,-3.6,-0.2,0
192,Blake Griffin,PF,31,TOT,46,30,1186,12.9,0.546,0.499,0.285,3.4,17.4,10.5,17,1.3,1.1,11.8,19.3,0.9,1.1,2,0.081,-0.8,0,-0.8,0.3,0
192,Blake Griffin,PF,31,DET,20,20,626,9.8,0.491,0.559,0.279,1.2,17.4,9.2,18.4,1.1,0.3,11.4,19.6,-0.2,0.5,0.3,0.026,-1.9,-0.3,-2.2,-0.1,0
192,Blake Griffin,PF,31,BRK,26,10,560,16.3,0.61,0.429,0.291,5.8,17.5,11.9,15.5,1.6,2,12.3,18.9,1.1,0.6,1.7,0.142,0.5,0.3,0.8,0.4,0
193,Kyle Guy,PG,23,SAC,31,0,235,8.5,0.449,0.523,0.227,2.3,14.4,8.3,17.9,1.2,0,10.2,19.7,-0.1,0.1,-0.1,-0.015,-3.7,-2.1,-5.8,-0.2,0
194,Rui Hachimura,PF,22,WAS,57,57,1797,11.4,0.549,0.211,0.248,2.9,15.5,9.2,6.3,1.1,0.3,8.6,18.1,0.7,1.4,2.1,0.056,-2.2,-1,-3.1,-0.5,0
195,Ashton Hagans,PG,21,MIN,2,0,4,-12.4,,,,0,0,0,0,0,0,100,10.5,0,0,0,-0.353,-13.7,-7.4,-21.1,0,0
196,Tyrese Haliburton,PG,20,SAC,58,20,1746,16.2,0.585,0.478,0.09,2.4,8.6,5.5,24.6,2.1,1.4,12.5,18.1,2.8,0.7,3.5,0.096,1.9,-0.5,1.4,1.5,0
197,Donta Hall,PF,23,ORL,13,0,179,22.3,0.731,0,0.971,13.5,22.8,18,9.4,1.4,5.1,13.8,14,0.6,0.2,0.8,0.223,0.9,0.6,1.6,0.2,0
198,Josh Hall,SF,20,OKC,21,1,336,1,0.363,0.374,0.444,1.8,16.6,9.1,11.6,0.6,0.3,17.4,18.1,-1.1,0.2,-0.9,-0.126,-9.7,-2.2,-11.9,-0.8,0
199,R.J. Hampton,SG-PG,19,TOT,51,1,888,11.1,0.507,0.278,0.262,3.4,18.4,10.7,15.2,1.2,1,13.2,19.6,-0.3,0.7,0.4,0.021,-2.6,-1.2,-3.8,-0.4,0
199,R.J. Hampton,PG,19,DEN,25,0,233,7.7,0.49,0.3,0.2,4.9,19.4,12.2,7.7,1.1,0.8,14.4,14.3,-0.1,0.2,0.1,0.03,-4.5,-0.9,-5.4,-0.2,0
199,R.J. Hampton,SG,19,ORL,26,1,655,12.3,0.511,0.273,0.277,2.9,18,10.2,17.8,1.2,1.1,12.9,21.5,-0.2,0.5,0.2,0.018,-2,-1.3,-3.3,-0.2,0
200,Tim Hardaway Jr.,SG,28,DAL,70,31,1985,15.7,0.589,0.581,0.191,1.1,11.5,6.4,9.8,0.8,0.5,6.1,23.4,3.2,1.2,4.3,0.105,2,-1.7,0.4,1.2,0
201,James Harden,PG-SG,31,TOT,44,43,1609,24.5,0.618,0.455,0.44,2.5,20.6,11.9,44.4,1.6,1.8,16.8,28.4,5.3,1.7,7,0.208,6.2,1,7.2,3.7,0
201,James Harden,SG,31,HOU,8,8,290,22.4,0.613,0.533,0.444,1.8,13.8,7.5,46.9,1.1,1.8,17.4,28.7,0.8,0.2,1,0.159,5.5,-0.5,5,0.5,0
201,James Harden,PG,31,BRK,36,35,1319,25,0.619,0.437,0.439,2.6,22.1,12.9,43.8,1.7,1.8,16.7,28.4,4.5,1.5,6,0.219,6.4,1.3,7.7,3.2,0
202,Maurice Harkless,PF-SF,27,TOT,37,23,772,8.1,0.527,0.509,0.261,1.9,11.1,6.4,7.3,1.9,2.3,10.7,11.5,0.2,0.4,0.6,0.038,-3.8,0.1,-3.7,-0.3,0
202,Maurice Harkless,SF,27,MIA,11,3,124,4.6,0.54,0.846,0.154,1.9,10,6,7.3,0.8,3.4,17.8,6.1,0,0.1,0.1,0.046,-3.5,0.7,-2.8,0,0
202,Maurice Harkless,PF,27,SAC,26,20,648,8.8,0.526,0.48,0.27,1.9,11.3,6.5,7.3,2.1,2.1,10.1,12.6,0.1,0.3,0.5,0.036,-3.8,0,-3.8,-0.3,0
203,Jared Harper,PG,23,NYK,8,0,16,-10.8,0.26,0.25,1,0,13.4,6.8,7.7,0,0,34.2,24.4,-0.1,0,-0.1,-0.365,-16.6,-5.5,-22.1,-0.1,0
204,Montrezl Harrell,C,27,LAL,69,1,1580,22.7,0.65,0.017,0.425,11.3,19.1,15.2,7.7,1.4,2.8,9.4,21.7,4.5,2.7,7.3,0.221,2.3,0.7,3,2,0
205,Gary Harris,SG,26,TOT,39,38,1080,9.1,0.511,0.409,0.226,2.1,5.9,4,10.3,1.3,1,8.9,16.7,0.2,0.6,0.7,0.033,-2.8,-1.3,-4.2,-0.6,0
205,Gary Harris,SG,26,DEN,19,19,581,9.3,0.544,0.481,0.192,2.5,6.6,4.6,7.1,1.4,0.7,7.6,13.8,0.4,0.4,0.8,0.065,-2.2,-0.6,-2.8,-0.1,0
205,Gary Harris,SG,26,ORL,20,19,499,9,0.485,0.349,0.254,1.6,5.2,3.3,14,1.1,1.3,9.9,20.2,-0.2,0.2,0,-0.005,-3.6,-2.2,-5.8,-0.5,0
206,Jalen Harris,SG,22,TOR,13,2,172,15.2,0.632,0.5,0.125,1.9,9.9,5.8,16,2.3,0,15.6,22.6,0.1,0.1,0.3,0.079,0.5,-0.3,0.3,0.1,0
207,Joe Harris,SF,29,BRK,69,65,2141,14.1,0.663,0.628,0.089,2.3,10.1,6.4,8.4,1,0.6,7.8,16.2,4.1,1.1,5.2,0.117,1.5,-1.2,0.4,1.3,0
208,Tobias Harris,PF,28,PHI,62,62,2014,20,0.597,0.225,0.221,3.5,19.2,11.4,17.6,1.3,2.3,9.5,23.9,4.1,3.1,7.1,0.17,2.9,0.8,3.7,2.9,0
209,Shaquille Harrison,SG,27,TOT,34,0,333,6.8,0.416,0.205,0.282,2.4,13.7,8.1,9.5,2.5,1.5,11.1,12.9,-0.2,0.4,0.2,0.03,-5.5,1.5,-4.1,-0.2,0
209,Shaquille Harrison,SG,27,UTA,17,0,56,6.5,0.375,0.1,0.3,5.9,10.9,8.5,21.5,1.7,0,18.1,21.3,-0.1,0.1,0,-0.033,-6.4,-0.3,-6.7,-0.1,0
209,Shaquille Harrison,SG,27,DEN,17,0,277,6.9,0.431,0.241,0.276,1.6,14.3,8,7.1,2.7,1.8,8.4,11.2,-0.1,0.4,0.2,0.042,-5.4,1.8,-3.6,-0.1,0
210,Josh Hart,SF,25,NOP,47,4,1349,12.2,0.566,0.561,0.259,4.3,26.1,15.2,10.6,1.4,0.8,11.3,13.5,1.4,1.3,2.7,0.097,-1.1,0.3,-0.8,0.4,0
211,Isaiah Hartenstein,C,22,TOT,46,2,559,17.9,0.583,0.035,0.415,13,23.7,18.2,15.3,1.7,6.5,17.9,19.2,0.7,0.9,1.6,0.134,-2.4,1.5,-0.9,0.2,0
211,Isaiah Hartenstein,C,22,DEN,30,0,272,15.5,0.543,0,0.45,16.7,18.7,17.7,7.5,2,7.2,18,18.7,0.2,0.5,0.7,0.115,-4.3,0.6,-3.7,-0.1,0
211,Isaiah Hartenstein,C,22,CLE,16,2,287,20.3,0.62,0.066,0.385,9.5,28.4,18.7,22.8,1.4,5.9,17.8,19.6,0.5,0.4,0.9,0.151,-0.6,2.3,1.7,0.3,0
212,Udonis Haslem,C,40,MIA,1,0,3,54.6,1,0,0,0,37.5,19.1,0,0,0,0,30.1,0,0,0,0.475,24.1,7,31.1,0,0
213,Jaxson Hayes,C,20,NOP,60,3,964,19.1,0.675,0.05,0.429,10.4,18.6,14.5,5.2,1.2,3.7,10.5,16.2,2.6,1,3.5,0.176,0.6,0,0.6,0.6,0
214,Killian Hayes,PG,19,DET,26,18,670,5.3,0.422,0.358,0.085,1,10.6,5.7,29.7,2,1.3,28.5,19,-1.8,0.6,-1.1,-0.081,-6.3,-0.9,-7.2,-0.9,0
215,Gordon Hayward,SF,30,CHO,44,44,1496,17.6,0.584,0.312,0.281,2.6,16.3,9.3,19.5,1.7,0.9,11,23.9,2.2,1.4,3.5,0.114,1.6,-0.1,1.6,1.4,0
216,Juancho Hernangómez,PF,25,MIN,52,6,900,12.1,0.549,0.562,0.324,5.2,20,12.3,5.6,1,0.7,7.3,17.2,0.6,0.5,1.1,0.06,-1.1,-1.8,-2.9,-0.2,0
217,Willy Hernangómez,C,26,NOP,47,12,846,19.6,0.591,0.037,0.347,15,27.8,21.4,8.5,1.2,2.6,9.9,17,1.9,1,2.9,0.163,1,-1,0,0.4,0
218,Tyler Herro,SG,21,MIA,54,15,1635,13.3,0.543,0.425,0.167,1.8,16.7,9.4,18,1.1,1.1,11.9,23.5,0.1,1.6,1.7,0.049,-0.3,-1,-1.3,0.3,0
219,Buddy Hield,SG,28,SAC,71,71,2433,12.8,0.567,0.727,0.105,1.3,14.1,7.6,14.7,1.2,1,11.1,20.7,1.5,0.7,2.2,0.044,1,-1.6,-0.6,0.9,0
220,George Hill,PG,34,TOT,30,17,672,13.1,0.596,0.406,0.254,2.6,7.2,4.9,16,1.6,0.7,12.4,15.9,0.9,0.6,1.4,0.1,-1,-0.2,-1.2,0.1,0
220,George Hill,PG,34,OKC,14,14,369,15.9,0.63,0.475,0.208,2.2,6,4.1,18.2,1.5,0.5,8.4,16.5,0.8,0.2,1,0.129,0.9,0.1,1,0.3,0
220,George Hill,PG,34,PHI,16,3,303,9.7,0.545,0.299,0.325,3,8.6,5.8,13.3,1.8,0.9,17.8,15.2,0,0.4,0.4,0.065,-3.3,-0.5,-3.9,-0.1,0
221,Solomon Hill,PF,29,ATL,71,16,1513,6.7,0.498,0.711,0.154,3.1,12.2,7.7,6.4,1.6,0.6,11.7,10.4,0.1,1.2,1.3,0.04,-3,0.5,-2.5,-0.2,0
222,Nate Hinton,SG,21,DAL,21,0,93,10.4,0.442,0.452,0.238,1.2,9.4,5.3,12.4,3.7,2,9.7,24.4,-0.2,0.1,0,-0.015,-4.5,1,-3.4,0,0
223,Jaylen Hoard,SF,21,OKC,19,0,320,13.4,0.547,0.125,0.466,6.7,14.5,10.6,11.2,1.9,1.4,13.8,16.3,0.2,0.3,0.5,0.07,-2.2,-0.3,-2.5,0,0
224,Aaron Holiday,PG,24,IND,66,8,1176,9.2,0.503,0.417,0.19,1.4,6.8,4.1,14,1.8,0.9,12.3,19.5,-0.6,0.8,0.2,0.009,-3.3,-0.9,-4.2,-0.7,0
225,Jrue Holiday,PG,30,MIL,59,56,1907,20,0.592,0.344,0.165,4.2,10.4,7.4,26.3,2.4,1.7,12.6,22.2,4.3,2.2,6.6,0.165,2.8,0.6,3.4,2.6,0
226,Justin Holiday,SG,31,IND,72,52,2183,10.4,0.571,0.725,0.136,1.6,11.1,6.4,7,1.6,1.5,7.5,14,1.4,1.8,3.1,0.069,-0.9,-0.1,-1,0.6,0
227,Rondae Hollis-Jefferson,PF,26,POR,11,1,107,14.4,0.539,0.056,0.889,10.7,15.4,13,15.7,0.9,3.4,7.4,10.9,0.3,0.1,0.3,0.147,-1.1,1.2,0.1,0.1,0
228,Richaun Holmes,C,27,SAC,61,61,1782,20.2,0.669,0.019,0.296,8.8,22.7,15.7,8.3,1.1,4.6,10.3,17.5,4.7,1.4,6.1,0.165,0.6,0,0.6,1.2,0
229,Rodney Hood,SF,28,TOT,55,5,942,5.6,0.452,0.435,0.108,2.6,9.4,5.9,7.5,1.2,0.7,11.7,14.1,-0.7,0.3,-0.4,-0.019,-4.9,-1.4,-6.4,-1,0
229,Rodney Hood,SF,28,POR,38,5,726,5,0.436,0.418,0.06,2.6,8.3,5.4,8.5,1.3,0.5,13.1,14.1,-0.7,0.2,-0.5,-0.034,-5.3,-1.5,-6.8,-0.9,0
229,Rodney Hood,SF,28,TOR,17,0,216,7.5,0.5,0.492,0.271,2.5,13.2,7.6,3.8,0.9,1.4,7,14.2,0,0.1,0.1,0.029,-3.6,-1.4,-4.9,-0.2,0
230,Al Horford,C,34,OKC,28,28,782,17.4,0.538,0.422,0.061,3.8,21.4,12.5,20.1,1.5,2.9,7.3,21.6,0.8,0.9,1.6,0.101,2,1.4,3.4,1.1,0
231,Talen Horton-Tucker,SG,20,LAL,65,4,1304,12.9,0.536,0.268,0.264,2.2,12.3,7.3,20.8,2.4,1.4,16.1,21.7,-0.1,2.2,2.1,0.078,-2.6,1.5,-1.2,0.3,0
232,Danuel House Jr.,SF,27,HOU,36,23,932,9.1,0.525,0.574,0.232,2,13.6,7.5,10.6,1,1.5,10.7,15.3,0,0.5,0.5,0.026,-2.8,-0.7,-3.5,-0.3,0
233,Dwight Howard,C,35,PHI,69,6,1196,17.8,0.61,0.066,0.693,17.8,35.3,26.7,7.2,1.2,4.7,22.1,18.2,1.3,2.6,4,0.159,-2.1,0.6,-1.5,0.1,0
234,Markus Howard,SG,21,DEN,37,1,205,6.4,0.477,0.613,0.085,0.6,11,5.8,12.6,1,0.5,14.1,27.2,-0.4,0.1,-0.3,-0.068,-5.5,-3.2,-8.7,-0.3,0
235,Kevin Huerter,SG,22,ATL,69,49,2126,12.2,0.541,0.528,0.088,2,9.7,6,16.3,1.9,0.7,9.4,17.2,1.9,1.7,3.6,0.08,-0.6,0.4,-0.3,1,0
236,Elijah Hughes,SF,22,UTA,18,0,64,8.4,0.488,0.767,0.133,1.7,12.7,7.5,13.4,0.8,1.3,15.9,25.4,-0.1,0.1,0,-0.013,-1.4,-1.3,-2.8,0,0
237,De'Andre Hunter,SF,23,ATL,23,19,678,15.7,0.603,0.383,0.343,2.8,14.7,8.9,9.7,1.4,1.6,9.2,20.2,1.2,0.6,1.7,0.123,0.6,0.6,1.2,0.5,0
238,Chandler Hutchison,SF,24,TOT,25,1,346,6.8,0.469,0.214,0.243,1.9,22.2,12.1,6.3,1.6,1.2,14.9,16.2,-0.5,0.4,-0.1,-0.007,-5.7,0.2,-5.6,-0.3,0
238,Chandler Hutchison,SF,24,CHI,7,0,64,0.4,0.344,0.167,0.111,1.8,32.6,17.3,7.9,0.8,0,20.9,16.2,-0.2,0.1,-0.1,-0.103,-9.3,-0.7,-10,-0.1,0
238,Chandler Hutchison,SF,24,WAS,18,1,282,8.2,0.494,0.224,0.271,1.9,19.9,10.9,6,1.8,1.5,13.6,16.2,-0.2,0.3,0.1,0.014,-4.9,0.3,-4.5,-0.2,0
239,Serge Ibaka,C,31,LAC,41,39,955,18.2,0.585,0.315,0.145,8.9,23.1,16.2,11.5,0.5,4.4,10.2,20.1,1.7,1.3,3,0.15,1.2,0.2,1.4,0.8,0
240,Andre Iguodala,SF,37,MIA,63,5,1339,9.2,0.519,0.734,0.153,3.3,15.4,9.4,14.3,2.1,2.7,20.2,11.2,-0.1,1.8,1.7,0.062,-2.2,1.8,-0.4,0.5,0
241,Ersan İlyasova,PF,33,UTA,17,1,148,12.1,0.578,0.759,0.093,5.3,15.1,10.4,3.8,3.3,1.6,12.5,18.7,0.1,0.3,0.4,0.122,-2.5,1.7,-0.9,0,0
242,Joe Ingles,SF,33,UTA,67,30,1867,15.9,0.672,0.722,0.16,1.6,11.8,6.9,24,1.2,0.5,16.3,16.6,4.7,2.3,7,0.18,2.6,0.9,3.5,2.6,0
243,Brandon Ingram,SF,23,NOP,61,61,2093,19.2,0.584,0.341,0.291,1.8,13.7,7.8,22.4,1,1.6,11,28,3.9,1.3,5.3,0.12,3.3,-1.1,2.2,2.2,0
244,Kyrie Irving,PG,28,BRK,54,54,1886,24.4,0.614,0.348,0.201,3.2,11.4,7.5,28.6,1.9,1.7,9.9,30.4,5.8,1.6,7.4,0.189,5.7,-0.2,5.5,3.6,1
245,Wes Iwundu,SF,26,TOT,41,4,539,4.3,0.428,0.402,0.304,3,15.2,9.1,4.2,1.4,0.7,14.1,10.8,-0.5,0.4,0,-0.003,-6.1,-0.3,-6.3,-0.6,0
245,Wes Iwundu,SF,26,DAL,23,3,288,4.9,0.421,0.442,0.269,2.3,14.4,8.4,4.4,1.5,1,9.4,9.9,-0.2,0.3,0.1,0.015,-5.5,0.5,-4.9,-0.2,0
245,Wes Iwundu,SF,26,NOP,18,1,251,3.7,0.435,0.36,0.34,3.9,16,9.9,3.9,1.1,0.4,18.4,11.8,-0.3,0.2,-0.1,-0.025,-6.8,-1.2,-7.9,-0.4,0
246,Frank Jackson,PG,22,DET,40,6,738,13.2,0.598,0.512,0.256,2.2,10.8,6.5,7.9,1,0.1,9.4,21.3,0.7,0.4,1.2,0.076,-0.1,-1.6,-1.7,0.1,0
247,Jaren Jackson Jr.,C,21,MEM,11,4,258,18,0.551,0.48,0.336,6.9,18.7,12.7,6.8,2.2,6.3,9.5,25.9,0.2,0.5,0.7,0.123,-0.7,0.7,0.1,0.1,0
248,Josh Jackson,SG,23,DET,62,25,1560,12,0.516,0.364,0.308,4,14.2,9.1,15.1,1.7,2.6,15,26.5,-1.6,1.7,0.1,0.004,-2.5,-0.5,-3,-0.4,0
249,Justin Jackson,SF,25,TOT,34,3,577,10.4,0.516,0.529,0.167,2.9,11.1,6.9,13.9,1.2,0.3,11.9,19.8,-0.1,0.3,0.2,0.018,-2.3,-1.2,-3.5,-0.2,0
249,Justin Jackson,SF,25,OKC,33,3,544,10.7,0.519,0.524,0.165,2.6,11,6.8,14.5,1.3,0.3,12,20.2,-0.1,0.3,0.2,0.019,-2.3,-1,-3.2,-0.2,0
249,Justin Jackson,SF,25,MIL,1,0,33,5.8,0.455,0.667,0.222,6.6,12.3,9.6,3.6,0,0,9.2,13.8,0,0,0,0.006,-3.2,-4.8,-8,0,0
250,Reggie Jackson,SG,30,LAC,67,43,1544,14.2,0.576,0.482,0.14,1.8,11.9,7,19,1.3,0.4,10.6,19.9,2.3,1.4,3.7,0.115,0.6,-0.2,0.4,0.9,0
251,Justin James,SF,24,SAC,36,0,310,11.3,0.548,0.342,0.324,3.2,7.6,5.4,9.9,1.2,0.8,10.6,19.7,0.1,0,0.1,0.02,-2,-2.3,-4.3,-0.2,0
252,LeBron James,PG,36,LAL,45,45,1504,24.2,0.602,0.346,0.31,2.2,23.6,12.9,41.8,1.6,1.5,15.2,31.9,3,2.6,5.6,0.179,5.9,2.3,8.1,3.8,1
253,Mike James,PG,30,BRK,13,1,236,11.9,0.481,0.337,0.293,1.5,12.9,7.5,30.6,1.2,0.4,16.1,22.9,0,0.1,0.1,0.028,-2.1,-2.3,-4.4,-0.1,0
254,DaQuan Jeffries,SG,23,TOT,31,5,493,7.9,0.514,0.558,0.067,4.1,11.8,7.8,6.1,1.4,1.8,10.2,11.9,0,0.2,0.3,0.027,-3.6,-1.1,-4.7,-0.3,0
254,DaQuan Jeffries,SG,23,SAC,18,2,232,7.2,0.524,0.491,0.123,4.2,9.7,6.9,3.3,1.4,1.5,11.8,12.6,0,0.1,0,0.008,-3.7,-1.6,-5.3,-0.2,0
254,DaQuan Jeffries,SG,23,HOU,13,3,261,8.5,0.504,0.619,0.016,3.9,13.6,8.6,8.6,1.5,2.1,8.6,11.3,0.1,0.2,0.2,0.043,-3.5,-0.6,-4.2,-0.1,0
255,Ty Jerome,SG,23,OKC,33,1,788,13.4,0.585,0.585,0.118,1.3,10.8,6,23.7,1.2,0.7,13.5,18.8,0.9,0.4,1.3,0.079,0.1,-0.8,-0.7,0.3,0
256,Isaiah Joe,SG,21,PHI,41,1,383,9.5,0.533,0.797,0.18,1.8,8.5,5.2,7.2,1.5,0.9,7.1,17.4,0.2,0.4,0.6,0.078,-2,-1,-3,-0.1,0
257,Alize Johnson,PF,24,BRK,18,0,189,23.5,0.638,0.088,0.191,16.6,35,26.3,10.9,1.3,2.3,10.9,19.1,0.6,0.3,0.9,0.227,2.7,0,2.7,0.2,0
258,Cameron Johnson,PF,24,PHO,60,11,1437,11.8,0.563,0.694,0.122,2.6,12.9,7.9,8,1.3,1,7.3,17,1.2,1.4,2.6,0.086,0,-0.2,-0.2,0.7,0
259,James Johnson,PF,33,TOT,51,12,1043,11.4,0.51,0.367,0.232,3.4,15.1,9.3,12.9,2,3.8,13.2,17.1,-0.1,1.3,1.2,0.055,-2.7,1.5,-1.2,0.2,0
259,James Johnson,PF,33,DAL,29,1,504,12.2,0.526,0.414,0.2,3.1,15.6,9.4,13.7,2.3,4.2,14.6,16.2,0,0.7,0.8,0.073,-2,2.5,0.5,0.3,0
259,James Johnson,PF,33,NOP,22,11,539,10.6,0.498,0.33,0.258,3.6,14.7,9.2,12.2,1.6,3.3,12.1,18,-0.1,0.5,0.4,0.039,-3.3,0.5,-2.7,-0.1,0
260,Keldon Johnson,SF,21,SAS,69,67,1968,13.8,0.557,0.257,0.278,4.9,17.6,11.1,8.9,1,1,9,19.2,1.6,1.7,3.3,0.079,-0.9,-0.7,-1.6,0.2,0
261,Stanley Johnson,PF,24,TOR,61,13,1006,8.8,0.519,0.588,0.236,3.1,14.1,8.4,12,2.5,1.8,17.4,13.4,-0.1,1.1,1,0.048,-3.8,1.2,-2.5,-0.1,0
262,Tyler Johnson,SG,28,BRK,39,3,684,8.2,0.546,0.721,0.115,1,10.9,6.2,8.7,1,0,8.1,13.3,0.4,0.3,0.7,0.049,-2.4,-1,-3.4,-0.2,0
263,Nikola Jokić,C,25,DEN,72,72,2488,31.3,0.647,0.183,0.305,9.4,26.1,17.8,40.4,1.9,1.9,13.1,29.6,12.2,3.4,15.6,0.301,9.1,3,12.1,8.8,1
264,Damian Jones,C,25,TOT,39,10,547,14.6,0.712,0.049,0.563,7.3,17.4,12.3,7,1,4.6,16.8,12.3,1,0.5,1.6,0.138,-2.2,0.8,-1.4,0.1,0
264,Damian Jones,C,25,PHO,14,0,94,6.7,0.528,0.063,0.688,8.6,13,10.9,5.3,0.5,4.8,22.4,12.7,0,0.1,0.1,0.043,-7,1.1,-5.9,-0.1,0
264,Damian Jones,C,25,LAL,8,6,112,17.1,0.965,0,0.706,8.1,18,13,1.3,0.4,5.6,18.3,10.6,0.4,0.2,0.5,0.235,-2,1.8,-0.2,0.1,0
264,Damian Jones,C,25,SAC,17,4,341,15.9,0.691,0.057,0.5,6.7,18.5,12.5,9.4,1.3,4.2,14.9,12.7,0.7,0.2,0.9,0.132,-1,0.3,-0.6,0.1,0
265,Derrick Jones Jr.,SF,23,POR,58,43,1318,11.9,0.576,0.447,0.299,6.1,10.7,8.3,4.8,1.4,3.7,8.5,12.3,1.6,0.8,2.4,0.089,-1.4,0,-1.4,0.2,0
266,Mason Jones,SG,22,TOT,32,1,334,12.1,0.556,0.537,0.52,2.2,16,8.8,18.9,1,0.3,16.1,23,0,0.2,0.2,0.028,-1.4,-1.2,-2.7,-0.1,0
266,Mason Jones,SG,22,HOU,26,1,307,11.1,0.546,0.561,0.5,1.3,17,8.9,19.1,0.9,0.3,16.8,23.1,-0.1,0.1,0,0.007,-1.9,-1.4,-3.3,-0.1,0
266,Mason Jones,SG,22,PHI,6,0,27,23.5,0.662,0.222,0.778,12.5,4,8.2,16.6,1.8,0,7.6,20.8,0.1,0,0.2,0.27,4.6,0.2,4.8,0,0
267,Tre Jones,PG,21,SAS,37,1,269,12.1,0.544,0.064,0.244,3.1,5.2,4.2,20,1.4,0,13.1,16.1,0.2,0.1,0.4,0.066,-2.2,-1.3,-3.5,-0.1,0
268,Tyus Jones,PG,24,MEM,70,9,1222,15,0.511,0.339,0.109,1.8,10.4,6.1,28.6,2.5,0.4,10,16.6,1.5,1.3,2.8,0.11,-0.1,0.9,0.8,0.9,0
269,DeAndre Jordan,C,32,BRK,57,43,1246,17.1,0.736,0.004,0.369,10.9,26.1,18.9,10.1,0.7,4.6,22.7,13.1,2.4,1.5,3.9,0.152,0.1,1,1,0.9,0
270,Cory Joseph,PG,29,TOT,63,13,1446,12.5,0.556,0.31,0.207,2.7,9.7,6.1,21.4,2,1.1,14.5,16.3,1.3,0.8,2.1,0.069,-1.8,0,-1.8,0.1,0
270,Cory Joseph,PG,29,SAC,44,2,944,9.9,0.534,0.376,0.188,2.9,8.8,5.8,14.9,2,0.8,14,14.3,0.4,0.3,0.7,0.037,-3,-0.3,-3.3,-0.3,0
270,Cory Joseph,PG,29,DET,19,11,502,17.3,0.588,0.216,0.233,2.2,11.2,6.6,33.7,2.1,1.6,15.3,19.9,0.8,0.5,1.4,0.13,0.5,0.4,0.9,0.4,0
271,Mfiondu Kabengele,PF,23,TOT,39,0,280,9.5,0.486,0.562,0.225,4.7,19.4,12,8.7,1.4,4.1,13.3,17.7,-0.2,0.3,0.2,0.026,-4.3,0.1,-4.3,-0.2,0
271,Mfiondu Kabengele,PF,23,LAC,23,0,94,1.4,0.39,0.563,0.188,1.2,15.1,8.4,6.9,1.1,2.8,14.8,19.2,-0.3,0.1,-0.1,-0.075,-9.2,-0.9,-10.1,-0.2,0
271,Mfiondu Kabengele,PF,23,CLE,16,0,186,13.7,0.538,0.561,0.246,6.5,21.6,13.8,9.7,1.6,4.8,12.5,16.9,0.1,0.2,0.3,0.078,-1.9,0.6,-1.3,0,0
272,Frank Kaminsky,C,27,PHO,47,13,715,15.8,0.547,0.331,0.233,5.8,23.7,14.9,15.3,1,2.1,7.2,19,1.1,0.9,2,0.133,0.4,0.8,1.3,0.6,0
273,Luke Kennard,SG,24,LAC,63,17,1232,12.7,0.608,0.541,0.075,1.4,13,7.3,11.9,0.9,0.7,10.1,17.1,1.6,1.1,2.7,0.105,0.3,-0.5,-0.2,0.6,0
274,Louis King,SF,21,SAC,6,1,85,21.2,0.6,0.324,0.176,6.4,17.2,11.8,15.4,4,3,9.8,20.6,0.2,0.1,0.3,0.16,2.3,2.5,4.9,0.1,0
275,Maxi Kleber,PF,29,DAL,50,40,1341,10.6,0.606,0.771,0.135,3.9,17.4,10.7,6.6,0.9,2.4,9.3,10.6,1.6,1.3,2.9,0.103,-0.5,0.5,0,0.7,0
276,Nathan Knight,PF,23,ATL,33,0,279,13.9,0.499,0.33,0.55,10.8,17.3,14.1,4,1.6,3.2,10.8,21.7,0.1,0.3,0.4,0.07,-2.6,-1,-3.7,-0.1,0
277,Kevin Knox,SF,21,NYK,42,0,464,9.1,0.537,0.622,0.14,2.4,11.8,7.1,5.9,1.3,1.2,10.1,16.2,0,0.6,0.6,0.065,-1.7,0.4,-1.4,0.1,0
278,John Konchar,SG,24,MEM,43,0,575,14.8,0.608,0.406,0.217,6.4,17.3,11.8,10.7,2.5,1.4,10.6,12.4,0.9,0.8,1.7,0.145,-0.2,1.4,1.2,0.5,0
279,Furkan Korkmaz,SG,23,PHI,55,11,1062,12.8,0.544,0.634,0.193,1.8,9.8,5.9,11.1,2.2,0.8,9.1,20.5,0.6,1.5,2,0.092,-0.3,0.2,-0.1,0.5,0
280,Luke Kornet,C-PF,25,TOT,31,2,348,13.3,0.511,0.584,0.059,4.4,17,10.7,9.5,0.6,8.5,6.3,13.7,0.2,0.5,0.7,0.095,-0.8,1.6,0.8,0.3,0
280,Luke Kornet,PF,25,CHI,13,0,94,9.8,0.452,0.852,0.148,1.2,16.3,8.8,5.5,1,6.5,3.4,13.7,0,0.1,0.1,0.047,-0.6,1.3,0.6,0.1,0
280,Luke Kornet,C,25,BOS,18,2,254,14.5,0.534,0.486,0.027,5.7,17.2,11.4,10.9,0.4,9.2,7.4,13.7,0.3,0.3,0.6,0.113,-0.8,1.8,0.9,0.2,0
281,Rodions Kurucs,SF-PF,22,TOT,21,0,125,6.3,0.459,0.656,0.125,4.3,15.4,9.8,10.3,3.4,2.9,27.8,15.9,-0.3,0.2,-0.1,-0.041,-6.4,1.8,-4.6,-0.1,0
281,Rodions Kurucs,PF,22,BRK,5,0,16,7.7,0.5,0.667,0,0,19.7,10.4,15.1,0,0,0,8.2,0,0,0,0.082,-0.8,0.8,0,0,0
281,Rodions Kurucs,SF,22,HOU,11,0,75,0.8,0.297,0.714,0.095,2.7,13.4,7.8,7.1,3.8,4.8,29.1,17.5,-0.4,0.1,-0.3,-0.176,-10.1,1.5,-8.6,-0.1,0
281,Rodions Kurucs,SF,22,MIL,5,0,34,17.9,0.845,0.5,0.25,9.6,17.9,13.9,15,4.1,0,31.1,15.9,0.1,0.1,0.1,0.199,-0.9,3.1,2.2,0,0
282,Kyle Kuzma,SF,25,LAL,68,32,1954,12.7,0.546,0.502,0.128,6.3,17.7,12,9.8,0.9,1.9,12.4,20.3,0.4,2.9,3.3,0.08,-0.4,-0.1,-0.4,0.8,0
283,Anthony Lamb,SF,23,HOU,24,3,415,8.7,0.523,0.602,0.178,6.7,11.5,9,7.9,0.7,1.1,13,15,0.1,0.1,0.2,0.023,-3.4,-2.7,-6.1,-0.4,0
284,Jeremy Lamb,SG,28,IND,36,8,765,15.8,0.587,0.464,0.272,3.6,14.9,9.3,9.4,2.1,2.4,6.6,18.4,1.2,0.9,2.1,0.132,0.7,0.7,1.4,0.7,0
285,Romeo Langford,SG,21,BOS,18,4,283,5.1,0.436,0.305,0.203,4.7,9.1,6.9,5.9,1,1.7,13.5,11.3,-0.2,0.2,0,0.003,-4.9,0.2,-4.6,-0.2,0
286,Zach LaVine,SG,25,CHI,58,58,2034,21.5,0.634,0.425,0.265,2,13.6,7.9,23.4,1.1,1.2,13.9,31,4,1.8,5.9,0.138,4.9,-0.8,4,3.1,0
287,Jake Layman,SF,26,MIN,45,11,627,11.4,0.577,0.424,0.201,2.2,9.7,5.8,6.4,2.2,2.6,11.5,15.1,0.2,0.5,0.7,0.051,-2.2,0.2,-2.1,0,0
288,T.J. Leaf,PF,23,POR,7,0,35,11.2,0.551,0,0.2,0,15.7,7.6,4,2.8,2.6,15.5,15.8,0,0,0,0.022,-3.9,0.9,-3,0,0
289,Jalen Lecque,PG,20,IND,4,0,12,4.7,0.242,0.111,0.333,18.2,27,22.6,20.6,0,0,0,36.6,-0.1,0,-0.1,-0.232,-6.6,-6.3,-13,0,0
290,Damion Lee,SG,28,GSW,57,1,1079,11.8,0.636,0.708,0.161,2.2,15.4,8.9,9.1,1.7,0.7,9.3,12.8,1.4,1.3,2.7,0.119,-0.7,0.9,0.2,0.6,0
291,Saben Lee,PG,21,DET,48,7,781,13.8,0.536,0.11,0.424,2.8,11.1,6.9,33.2,2,1.5,18.1,17,0.7,0.8,1.5,0.091,-2.1,0.2,-2,0,0
292,Alex Len,C,27,TOT,64,42,979,16.4,0.643,0.09,0.417,8.5,19.7,14.1,7,0.9,5.6,14.3,16.3,1.5,1.3,2.7,0.133,-1.2,1,-0.1,0.5,0
292,Alex Len,C,27,TOR,7,2,76,4.3,0.633,0.6,0.6,0,16.5,8,5.2,0.6,7.9,38.8,11.7,-0.1,0.1,-0.1,-0.033,-6.5,2.5,-4,0,0
292,Alex Len,C,27,WAS,57,40,903,17.5,0.643,0.071,0.41,9.2,20,14.6,7.2,1,5.4,12.9,16.7,1.6,1.2,2.8,0.147,-0.7,0.9,0.2,0.5,0
293,Kawhi Leonard,SF,29,LAC,52,52,1773,26,0.622,0.28,0.325,3.6,17.4,10.7,24.9,2.3,1.1,9.2,28.6,6.4,2.4,8.8,0.238,6,1.3,7.3,4.2,1
294,Meyers Leonard,C,28,MIA,3,2,29,6.6,0.635,1,0.286,0,27.1,13.8,9.7,0,0,20.2,15.4,0,0,0,0.038,-3.3,-0.4,-3.7,0,0
295,Caris LeVert,SG,26,TOT,47,39,1486,17.8,0.531,0.317,0.221,2.5,13.1,7.8,25.4,2.1,1.7,10.2,28.7,0.9,1.5,2.4,0.077,0.9,-0.5,0.4,0.9,0
295,Caris LeVert,SG,26,BRK,12,4,334,19.1,0.516,0.315,0.17,3.5,13.2,8.6,34.1,1.9,1.6,10.8,31.5,0.3,0.3,0.6,0.084,2.1,-0.6,1.5,0.3,0
295,Caris LeVert,SG,26,IND,35,35,1152,17.4,0.535,0.318,0.238,2.2,13,7.6,22.9,2.2,1.7,10.1,27.9,0.6,1.2,1.8,0.075,0.5,-0.5,0,0.6,0
296,Kira Lewis Jr.,PG,19,NOP,54,0,904,10.3,0.477,0.356,0.151,1.4,7.1,4.3,18.7,2,1,8.6,18.3,0.2,0.6,0.9,0.045,-3.2,-0.2,-3.4,-0.3,0
297,Damian Lillard,PG,30,POR,67,67,2398,25.6,0.623,0.528,0.363,1.4,11.5,6.3,34.6,1.3,0.6,11.6,31.4,9.6,0.8,10.4,0.209,7.5,-1.3,6.3,5,1
298,Nassir Little,PF,20,POR,48,2,640,11.6,0.589,0.479,0.269,5.2,16.5,10.7,4.9,0.4,1.8,8.8,13.8,0.9,0.2,1.1,0.082,-1.1,-1.6,-2.7,-0.1,0
299,Kevon Looney,C,24,GSW,61,34,1161,11.9,0.575,0.086,0.244,10.9,18.6,14.8,13.4,0.8,1.7,14.5,9.4,2,1.4,3.4,0.139,-1.8,1,-0.9,0.3,0
300,Brook Lopez,C,32,MIL,70,70,1902,15.4,0.611,0.439,0.222,6,13,9.6,3.5,1,4.8,8.3,16.9,3.1,2.2,5.3,0.133,0,0,0,0.9,0
301,Robin Lopez,C,32,WAS,71,9,1354,16.7,0.661,0.042,0.322,11.1,10.2,10.6,5.9,0.5,2.7,13.4,17.1,2.8,0.9,3.7,0.131,0.2,-1.2,-1,0.4,0
302,Didi Louzada,SF,21,NOP,3,0,56,-0.9,0.308,0.615,0,1.9,3.9,2.9,6.5,1.7,0,18.8,12,-0.1,0,-0.1,-0.099,-7.8,-1.8,-9.6,-0.1,0
303,Kevin Love,PF,32,CLE,25,25,622,15.1,0.556,0.619,0.202,3,31.2,16.7,16,1.3,0.3,12.2,21.9,0.3,0.6,0.9,0.073,0.9,-0.9,-0.1,0.3,0
304,Kyle Lowry,PG,34,TOR,46,46,1601,16.5,0.593,0.555,0.268,2.3,15.1,8.5,31.8,1.4,0.9,15.9,21.4,2.9,1.3,4.1,0.124,2,-0.4,1.6,1.5,0
305,Timothé Luwawu-Cabarrot,SF,25,BRK,58,7,1050,7.8,0.493,0.671,0.121,3.1,10.1,6.8,8.6,1.5,0.5,10.3,17.4,-0.3,0.7,0.3,0.015,-3.2,-1.2,-4.4,-0.6,0
306,Trey Lyles,PF,25,SAS,23,9,358,11.4,0.574,0.444,0.256,2.6,23.3,12.8,5.3,0.8,0.2,5.7,12.9,0.3,0.3,0.6,0.085,-1.3,-0.5,-1.8,0,0
307,Will Magnay,C,22,NOP,1,0,3,-35.1,0,1,0,0,0,0,0,0,0,50,28,0,0,0,-0.787,-30.7,-8.6,-39.3,0,0
308,Thon Maker,C,23,CLE,8,0,76,18.6,0.657,0.111,0.611,11.5,15.1,13.3,7.9,1.3,4.7,11.6,14.8,0.2,0.1,0.3,0.174,-0.3,1.1,0.7,0.1,0
309,Théo Maledon,PG,19,OKC,65,49,1778,8.2,0.489,0.51,0.22,1.4,11,6.2,18.8,1.5,0.5,17.3,19.4,-1.9,1.1,-0.8,-0.021,-4,-1,-5,-1.3,0
310,Karim Mané,PG,20,ORL,10,0,88,1.3,0.362,0.154,0.385,1.1,15.9,8.3,6,0,2.1,16.5,8.9,-0.1,0,-0.1,-0.045,-9.1,-0.8,-9.9,-0.2,0
311,Terance Mann,SG,24,LAC,67,10,1263,13.8,0.603,0.26,0.269,5.1,16.1,10.8,11.3,1.1,0.9,9.3,15.1,2.4,1.3,3.7,0.141,-0.5,0.3,-0.2,0.6,0
312,Nico Mannion,PG,19,GSW,30,1,364,9.3,0.487,0.526,0.246,1.8,11.5,6.7,25.6,2.1,0.2,19.7,18.5,-0.2,0.4,0.2,0.029,-3.4,-0.5,-3.9,-0.2,0
313,Boban Marjanović,C,32,DAL,33,3,271,22.6,0.562,0.066,0.311,19.3,32.7,26,5.9,0.4,2.1,8,24.6,0.7,0.3,1,0.183,1.9,-2.6,-0.8,0.1,0
314,Lauri Markkanen,PF,23,CHI,51,26,1317,15.2,0.619,0.568,0.177,3,19.4,11.3,5,1,1,8.5,20.2,1.7,1.3,3,0.109,1,-0.9,0.1,0.7,0
315,Naji Marshall,SF,23,NOP,32,10,700,11.4,0.508,0.397,0.359,2.3,20.6,11.5,16.5,1.8,1.4,13.6,16.8,0.2,0.7,0.9,0.061,-2.1,0.8,-1.3,0.1,0
316,Caleb Martin,SF,25,CHO,53,3,818,9.5,0.465,0.488,0.25,4,14.8,9.3,11.5,2.2,1.5,10.4,16.7,-0.4,0.9,0.5,0.03,-3.6,0.2,-3.4,-0.3,0
317,Cody Martin,SF,25,CHO,52,10,849,10.6,0.5,0.309,0.229,6.5,14.1,10.3,13.9,2.1,1.4,16.2,12.5,0.2,0.9,1.1,0.061,-2.7,0.7,-2,0,0
318,Jeremiah Martin,PG,24,CLE,9,0,75,1.4,0.313,0.364,0.152,2.9,7.6,5.2,7.9,3.3,2.4,14.6,23.9,-0.4,0.1,-0.3,-0.207,-8.3,-1.1,-9.5,-0.1,0
319,Kelan Martin,SF,25,IND,35,0,322,13.9,0.551,0.435,0.072,6.1,20.1,13.1,7.5,1.5,2.5,10.1,20.9,0.1,0.4,0.4,0.066,-1.1,-1.3,-2.4,0,0
320,Kenyon Martin Jr.,SF,20,HOU,45,8,1068,14.6,0.59,0.302,0.264,7,17.6,12.1,6.8,1.3,3.4,9.7,15.6,1.3,0.9,2.2,0.099,-1.4,-0.4,-1.8,0,0
321,Frank Mason III,PG,26,ORL,4,1,79,7.5,0.462,0.208,0.292,3.8,12.2,7.9,22.3,0,0,15.6,17.5,0,0,0,-0.018,-5.2,-2.4,-7.7,-0.1,0
322,Garrison Mathews,SG,24,WAS,64,24,1038,9.7,0.635,0.835,0.401,1.6,7.2,4.4,3.1,1.3,0.6,3.5,11.5,1.7,0.6,2.3,0.108,-1.7,-0.1,-1.8,0.1,0
323,Dakota Mathias,SG,25,PHI,8,2,123,9.8,0.474,0.542,0.125,0.9,5.3,3.1,15.1,0.4,2.2,1.9,18.1,0,0.1,0.2,0.061,-1.5,-1,-2.6,0,0
324,Wesley Matthews,SG,34,LAL,58,10,1130,7.2,0.517,0.782,0.163,2,7.2,4.6,6.3,1.6,1.3,8.8,11.4,0.2,1.5,1.7,0.073,-3.1,1.4,-1.7,0.1,0
325,Tyrese Maxey,SG,20,PHI,61,8,935,14.5,0.531,0.24,0.163,1.3,10.8,6.1,19.9,1.3,1.2,8.2,23,0.8,1.1,1.9,0.099,-1,-0.5,-1.5,0.1,0
326,Skylar Mays,SG,23,ATL,33,0,269,16.8,0.569,0.408,0.255,4.2,10,7.1,16.4,2.6,0.7,7.6,19.1,0.5,0.3,0.8,0.14,1.2,0.7,1.9,0.3,0
327,Patrick McCaw,SF,25,TOR,5,0,33,12,1.078,0,3,3.2,6.9,5,15.2,2.9,0,0,3,0.1,0,0.1,0.209,-2.7,3.6,0.9,0,0
328,CJ McCollum,SG,29,POR,47,47,1600,20.8,0.577,0.475,0.15,2,10.6,6.2,23,1.3,1.2,6.5,27.1,4.1,0.6,4.7,0.141,5,-1.1,3.9,2.4,0
329,T.J. McConnell,PG,28,IND,69,3,1796,16.9,0.583,0.098,0.098,3.3,12.1,7.7,34.3,3.4,1,20.9,15.3,2.6,2.2,4.8,0.128,-0.2,1.7,1.4,1.5,0
330,Jaden McDaniels,PF,20,MIN,63,27,1511,8.9,0.552,0.54,0.123,3.6,13.4,8.3,6.4,1.1,3.4,10.8,12,0.5,0.9,1.4,0.046,-3.3,-0.2,-3.5,-0.6,0
331,Jalen McDaniels,SF,23,CHO,47,18,904,11.4,0.554,0.37,0.225,5.3,15.1,10.1,8.6,1.5,2.1,12.6,17,0.3,0.9,1.2,0.062,-2.8,-0.4,-3.2,-0.3,0
332,Doug McDermott,PF,29,IND,66,29,1619,15.6,0.635,0.43,0.147,4,10.7,7.4,7.8,0.6,0.3,7,20,3.1,0.7,3.8,0.112,1.4,-2,-0.6,0.6,0
333,Sean McDermott,SF,24,MEM,18,0,158,7.2,0.534,0.667,0.242,4,8.8,6.4,3.1,0.6,1.7,9.9,10.8,0.1,0.1,0.2,0.05,-3.1,-1.2,-4.3,-0.1,0
334,JaVale McGee,C,33,TOT,46,2,678,17,0.541,0.085,0.238,12.6,27.3,19.8,9.7,1.4,7.3,16.2,23.9,-0.1,1.1,1,0.068,-3.3,0.8,-2.5,-0.1,0
334,JaVale McGee,C,33,CLE,33,1,503,18.4,0.554,0.093,0.256,11.7,26.5,18.9,11.4,1.6,7.1,15.8,24.6,0,0.8,0.8,0.074,-2.3,1.2,-1.1,0.1,0
334,JaVale McGee,C,33,DEN,13,1,175,12.9,0.498,0.06,0.179,15,29.7,22.4,4.8,0.8,7.8,17.2,21.8,-0.1,0.3,0.2,0.05,-6.4,-0.3,-6.6,-0.2,0
335,Rodney McGruder,SG,29,DET,16,2,194,16.1,0.619,0.343,0.114,4.5,8.1,6.3,13.6,2,0.4,8.7,18.1,0.3,0.2,0.5,0.121,0.7,0,0.7,0.1,0
336,Alfonzo McKinnie,SF,28,LAL,39,0,258,15.5,0.604,0.419,0.194,9.6,13.9,11.8,3.6,1.3,0,4.7,17.8,0.5,0.3,0.8,0.156,0.3,-0.8,-0.4,0.1,0
337,Jordan McLaughlin,PG,24,MIN,51,2,938,12,0.502,0.38,0.124,2.3,10.4,6.2,28,2.6,0.6,16.7,13.7,0.6,0.6,1.2,0.062,-2,0.2,-1.7,0.1,0
338,Ben McLemore,SG,27,TOT,53,5,905,8.5,0.523,0.767,0.145,1.7,10.5,6,6.4,1.2,0.9,9.8,20.4,-0.5,0.7,0.2,0.013,-2.7,-1.2,-3.9,-0.4,0
338,Ben McLemore,SG,27,HOU,32,4,537,8.3,0.5,0.741,0.143,2.1,11.4,6.6,7.8,1.8,0.5,10.5,21.1,-0.5,0.3,-0.2,-0.019,-3.4,-1.1,-4.5,-0.3,0
338,Ben McLemore,SG,27,LAL,21,1,368,8.8,0.559,0.809,0.149,1.2,9.1,5.2,4.3,0.4,1.5,8.5,19.4,0.1,0.4,0.5,0.061,-1.6,-1.4,-3,-0.1,0
339,Nicolò Melli,PF,30,TOT,45,4,566,7.9,0.441,0.603,0.177,5.6,17.9,11.8,9.8,1.2,0.5,7.3,12.5,0.1,0.5,0.6,0.048,-3.5,0,-3.5,-0.2,0
339,Nicolò Melli,PF,30,NOP,22,0,241,5.8,0.346,0.627,0.119,5.4,20.3,12.8,12.7,1.8,0.4,10.1,12.1,-0.2,0.2,0,0.008,-4.9,1.1,-3.9,-0.1,0
339,Nicolò Melli,PF,30,DAL,23,4,325,9.4,0.506,0.585,0.22,5.8,16.1,11,7.7,0.8,0.6,5.3,12.9,0.3,0.2,0.5,0.078,-2.3,-0.8,-3.2,-0.1,0
340,De'Anthony Melton,PG,22,MEM,52,1,1045,15.2,0.568,0.537,0.13,3,13.4,8.2,17.5,2.7,2.7,13.7,19.5,0.7,1.5,2.2,0.103,0.6,1.7,2.3,1.1,0
341,Sam Merrill,SG,24,MIL,30,2,233,11.9,0.603,0.653,0.056,2.8,10.4,6.8,11.4,1.6,0.4,11.9,15,0.3,0.2,0.5,0.102,-0.7,-0.3,-1,0.1,0
342,Chimezie Metu,C,23,SAC,36,6,488,14.5,0.571,0.207,0.24,7,18.7,12.7,8.2,1.4,3.1,12.8,20,0.3,0.3,0.6,0.061,-2.2,-1.3,-3.6,-0.2,0
343,Khris Middleton,SF,29,MIL,68,68,2269,18.2,0.588,0.34,0.22,2.6,15.7,9.4,23.2,1.5,0.4,13.1,25,4.1,2.2,6.4,0.135,1.7,-0.3,1.3,1.9,0
344,Darius Miller,SF,30,OKC,18,0,197,15.9,0.685,0.875,0.25,1,11.8,6.3,15.4,3.1,2.3,13.1,13.2,0.4,0.2,0.6,0.156,0.8,2.7,3.6,0.3,0
345,Patty Mills,PG,32,SAS,68,1,1685,11.8,0.57,0.702,0.128,1.1,6.3,3.7,13.5,1.2,0.2,9.3,18.4,1.3,0.8,2.2,0.062,0,-1.2,-1.2,0.4,0
346,Paul Millsap,PF,35,DEN,56,36,1162,16.4,0.565,0.357,0.244,7.4,18.1,12.8,11.6,2.2,3,10.3,18.6,1.7,1.6,3.2,0.133,0.3,0.7,1,0.9,0
347,Shake Milton,SG,24,PHI,63,4,1461,14.6,0.549,0.304,0.264,2.5,8.5,5.6,20.3,1.3,1.1,12.2,24.9,1.1,1.6,2.8,0.091,-0.7,-1,-1.6,0.1,0
348,Donovan Mitchell,PG,24,UTA,53,53,1771,21.3,0.569,0.423,0.29,3.1,10.6,7,26.7,1.4,0.7,10.7,33.5,3.9,2.2,6.2,0.167,4.6,-0.2,4.3,2.8,0
349,Adam Mokoka,SG,22,CHI,14,0,56,2.2,0.386,0.526,0.053,2,7.8,4.9,11.9,1.7,1.6,20.5,18.9,-0.2,0.1,-0.1,-0.112,-7.7,-1.6,-9.3,-0.1,0
350,Malik Monk,SG,22,CHO,42,0,878,13.6,0.569,0.531,0.18,1.7,10.9,6.2,15.7,1.1,0.5,11.3,23.8,0.5,0.5,1,0.054,0.2,-2,-1.8,0,0
351,E'Twaun Moore,SG,31,PHO,27,1,389,10.4,0.523,0.289,0.116,4.2,8.9,6.6,13.7,1.9,1.2,15.3,17.2,0,0.4,0.4,0.049,-3.1,0.2,-2.9,-0.1,0
352,Ja Morant,PG,21,MEM,63,63,2053,16.7,0.537,0.252,0.389,3,10.1,6.5,33.5,1.3,0.6,15.3,27.2,1.6,1.6,3.2,0.074,1.3,-1.6,-0.4,0.8,0
353,Juwan Morgan,PF,23,UTA,29,0,147,8.5,0.529,0.433,0.233,6.8,13.1,10.1,8,1.3,0.6,10.8,10.9,0.1,0.2,0.3,0.105,-3.5,1.2,-2.3,0,0
354,Marcus Morris,PF,31,LAC,57,29,1502,14.5,0.614,0.507,0.152,2.7,14.5,8.8,5.6,1.1,0.9,8.4,20.1,2.1,1.5,3.6,0.115,0.9,-0.8,0,0.8,0
355,Markieff Morris,PF,31,LAL,61,27,1200,9.3,0.509,0.553,0.132,4.5,20.3,12.5,8.6,0.9,1.4,11.9,16.4,-0.2,1.8,1.6,0.062,-2.9,0.3,-2.6,-0.2,0
356,Monte Morris,PG,25,DEN,47,13,1196,14,0.574,0.346,0.189,1,8,4.6,17.1,1.4,1.1,7.5,16.5,2,0.8,2.9,0.115,0.1,-0.5,-0.3,0.5,0
357,Mychal Mulder,PG,26,GSW,60,6,766,10.8,0.613,0.808,0.083,1.1,7.1,4.2,4.8,0.7,1.4,5.5,16.2,0.6,0.6,1.2,0.075,-0.6,-1.2,-1.8,0,0
358,Dejounte Murray,PG,24,SAS,67,67,2139,16.5,0.509,0.204,0.138,2.8,21.1,11.8,25.9,2.3,0.3,10.2,23.4,0.7,2.6,3.3,0.074,-0.2,1,0.8,1.5,0
359,Jamal Murray,PG,23,DEN,48,48,1704,18.3,0.592,0.399,0.193,2.5,10.4,6.5,20.3,1.9,0.7,11.2,24.8,3.1,1.5,4.6,0.129,2.7,-0.7,2,1.7,0
360,Mike Muscala,C,29,OKC,35,0,645,14.7,0.599,0.689,0.135,3,18.4,10.6,7,0.6,1.5,6.9,20,0.9,0.4,1.3,0.096,0.9,-1,-0.1,0.3,0
361,Svi Mykhailiuk,SF-SG,23,TOT,66,14,1324,10.4,0.529,0.621,0.099,1.9,11.4,6.6,12.9,1.9,0.8,14.3,20,-0.8,1.1,0.3,0.01,-1.9,-0.7,-2.6,-0.2,0
361,Svi Mykhailiuk,SF,23,DET,36,5,634,10.2,0.527,0.767,0.135,1.9,11.2,6.5,13.5,2.1,0.8,14.2,19,-0.3,0.6,0.3,0.025,-1.5,-0.2,-1.8,0,0
361,Svi Mykhailiuk,SG,23,OKC,30,9,690,10.6,0.531,0.505,0.071,1.9,11.6,6.7,12.3,1.7,0.8,14.4,21,-0.5,0.5,-0.1,-0.004,-2.3,-1.1,-3.3,-0.2,0
362,Abdel Nader,SF,27,PHO,24,0,355,13.4,0.605,0.371,0.319,2.3,17.3,9.9,7.3,1.4,2.3,12.6,19,0.3,0.4,0.7,0.095,-1,1,0,0.2,0
363,Larry Nance Jr.,PF,28,CLE,35,27,1091,13.2,0.557,0.419,0.18,5.4,19,12.1,14.4,2.8,1.4,15.8,13.9,0.5,1.3,1.8,0.08,-1.4,1.8,0.4,0.7,0
364,Aaron Nesmith,SF,21,BOS,46,1,669,9.4,0.573,0.607,0.157,4.6,16.6,10.6,4.6,1.1,1.3,10.8,13.7,0.5,0.6,1.1,0.076,-2.8,-0.4,-3.2,-0.2,0
365,Raul Neto,PG,28,WAS,64,22,1403,13,0.575,0.367,0.19,2.1,9.6,5.9,14,2.4,0.4,9.9,15.8,1.5,1.3,2.8,0.097,-1.4,0.9,-0.6,0.5,0
366,Georges Niang,PF,27,UTA,72,10,1154,11.4,0.602,0.721,0.057,2.7,13,8.1,7.3,1.1,0.6,10.9,17.4,1.2,1.4,2.6,0.108,-0.4,0.1,-0.3,0.5,0
367,Zeke Nnaji,PF,20,DEN,42,1,397,11.3,0.615,0.567,0.144,4,14.5,9.3,3.3,1,1,6,12.9,0.6,0.3,0.9,0.104,-0.6,-1.1,-1.7,0,0
368,Nerlens Noel,C,26,NYK,64,41,1547,14.8,0.638,0.013,0.314,10.1,18.4,14.3,4.1,2.3,8.7,20.4,9.2,1.6,3.6,5.2,0.162,-2.4,3.8,1.4,1.3,0
369,Jaylen Nowell,SG,21,MIN,42,0,759,12.3,0.528,0.448,0.164,2.6,11.3,6.8,12.5,1.4,1.4,7.2,21.4,0.3,0.4,0.7,0.044,-1.5,-1.4,-2.8,-0.2,0
370,Frank Ntilikina,PG,22,NYK,33,4,322,7.7,0.512,0.608,0.228,2,8.3,5.2,8.1,2.8,1.2,11.2,13.6,0,0.5,0.5,0.07,-4.2,2.5,-1.7,0,0
371,Kendrick Nunn,PG,25,MIA,56,44,1650,14.2,0.596,0.486,0.091,1.5,10.8,6.2,14.5,1.6,0.9,10.5,20.9,1.4,1.5,2.9,0.084,-0.1,-0.4,-0.5,0.6,0
372,James Nunnally,SF,30,NOP,9,0,48,8.3,0.54,0.923,0.154,4.5,15.8,10.2,8.1,0,0,12.6,13.9,0,0,0,0.031,-0.9,-1.8,-2.7,0,0
373,Jusuf Nurkić,C,26,POR,37,37,880,20.5,0.554,0.09,0.339,10.2,30.7,20.2,21.4,2.1,4,16,22.3,1.2,1.2,2.4,0.133,0.7,1.8,2.5,1,0
374,David Nwaba,SF,28,HOU,30,9,679,14.4,0.557,0.289,0.312,6,12.8,9.3,6.9,2.1,2.8,6.4,16.6,0.7,0.6,1.3,0.094,-1.4,0.6,-0.8,0.2,0
375,Jordan Nwora,SF,22,MIL,30,2,274,16.1,0.586,0.459,0.185,3.6,18.9,11.5,3.6,2.7,2.3,14.1,26,0,0.4,0.4,0.068,-0.7,-0.4,-1.1,0.1,0
376,Royce O'Neale,SF,27,UTA,71,71,2241,9.9,0.599,0.706,0.117,4.4,18,11.5,10.4,1.2,1.2,16.7,9.6,2.3,3.3,5.6,0.121,-1.2,2.1,1,1.7,0
377,Semi Ojeleye,PF,26,BOS,56,15,950,8.3,0.553,0.715,0.145,3.6,13.7,8.6,5.1,0.9,0,8.2,11.6,0.7,0.6,1.2,0.063,-1.7,-0.7,-2.4,-0.1,0
378,Jahlil Okafor,C,25,DET,27,2,347,13.1,0.644,0.088,0.235,7.3,13.9,10.6,6.1,0.8,1.3,15.7,16.8,0.3,0.3,0.6,0.082,-2.5,-0.7,-3.2,-0.1,0
379,Chuma Okeke,PF,22,ORL,45,19,1133,11.8,0.511,0.435,0.123,3.7,13.2,8.3,13.2,2.1,1.8,10,14.5,0.3,1,1.3,0.056,-1.9,0.5,-1.5,0.1,0
380,Josh Okogie,SG,22,MIN,59,37,1197,9.1,0.524,0.425,0.425,5.5,8.7,7.1,7,2.1,2,12.5,12.1,0.5,0.8,1.3,0.051,-3.7,0.3,-3.3,-0.4,0
381,Onyeka Okongwu,C,20,ATL,50,4,601,16.8,0.655,0.02,0.383,11.5,18,14.9,4.4,1.9,4.8,14.3,14.7,1.1,0.8,1.9,0.155,-2.2,0.8,-1.4,0.1,0
382,Isaac Okoro,SG,20,CLE,67,67,2173,7.9,0.514,0.383,0.281,3.4,7.3,5.3,8.6,1.4,1,12,14.3,-0.1,1,0.9,0.02,-4.2,-0.9,-5.1,-1.7,0
383,KZ Okpala,PF,21,MIA,37,9,447,5.2,0.448,0.521,0.156,5.5,11.8,8.7,5.8,1.1,2.6,12.8,11.9,-0.3,0.4,0.1,0.015,-6.5,-0.6,-7.1,-0.6,0
384,Victor Oladipo,SG,28,TOT,33,33,1080,14.3,0.512,0.415,0.24,1.2,15.1,8,22.8,2,1.2,11.5,28.5,-0.6,1,0.4,0.017,-0.9,-0.8,-1.7,0.1,0
384,Victor Oladipo,SG,28,IND,9,9,300,15.5,0.535,0.454,0.243,0.4,18,9.2,18.7,2.4,0.5,9.7,26.4,0,0.3,0.4,0.063,0,-0.1,-0.2,0.1,0
384,Victor Oladipo,SG,28,HOU,20,20,669,14.9,0.508,0.402,0.218,1.2,14.5,7.6,25.3,1.7,1.3,10.9,29.8,-0.3,0.5,0.1,0.009,-0.3,-1,-1.3,0.1,0
384,Victor Oladipo,SG,28,MIA,4,4,111,8.1,0.471,0.395,0.419,3.1,11.1,7.2,18.9,3.1,1.9,21.6,26.4,-0.3,0.2,-0.1,-0.06,-7.1,-1.6,-8.7,-0.2,0
385,Cameron Oliver,SF,24,HOU,4,0,87,17.2,0.619,0.394,0.121,5.9,20.5,12.9,9.6,1.1,4.1,7.9,18.5,0.1,0.1,0.2,0.114,-1,-1,-2,0,0
386,Kelly Olynyk,C-PF,29,TOT,70,62,1997,16.4,0.61,0.528,0.251,4.8,22.5,13.6,16,1.9,2.1,14,19.7,2.5,2.6,5.1,0.121,0.3,0.9,1.2,1.6,0
386,Kelly Olynyk,C,29,MIA,43,38,1157,12.1,0.549,0.646,0.106,4.4,21.1,12.9,11.7,1.7,2.4,12.3,17.5,0.3,1.6,1.9,0.078,-1.6,1,-0.7,0.4,0
386,Kelly Olynyk,PF,29,HOU,27,24,840,22.3,0.674,0.389,0.421,5.2,24.5,14.5,21.9,2.2,1.7,15.7,22.9,2.2,1,3.2,0.182,2.9,0.9,3.8,1.2,0
387,Miye Oni,SG,23,UTA,54,0,519,6.4,0.517,0.889,0.061,4.9,11.9,8.6,6.8,1,1.2,13.6,9.8,0.2,0.7,0.9,0.081,-3,1.3,-1.7,0,0
388,Cedi Osman,SF,25,CLE,59,26,1510,10.3,0.488,0.553,0.162,2.8,12.4,7.5,17.7,1.7,0.5,11.3,20.4,-0.5,1,0.5,0.014,-2.3,-0.9,-3.2,-0.5,0
389,Daniel Oturu,C,21,LAC,30,0,161,12.5,0.471,0.096,0.231,15.1,18.3,16.8,8.5,1.2,3.9,13.6,18.2,0,0.2,0.3,0.081,-4.1,-1.1,-5.2,-0.1,0
390,Kelly Oubre Jr.,SF,25,GSW,55,50,1687,13.3,0.529,0.394,0.244,5.2,15.4,10.4,6.5,1.6,2.2,8,22.1,0,2.2,2.2,0.062,-1.4,-0.5,-1.9,0,0
391,Jabari Parker,PF,25,TOT,13,0,165,14.7,0.593,0.2,0.236,6.7,21.8,14.2,9.9,0.3,2.8,14.1,18.5,0.2,0.1,0.3,0.089,-0.9,0,-0.9,0,0
391,Jabari Parker,PF,25,SAC,3,0,27,5,0.571,0.143,0,4.1,20.8,12.3,5,0,3.1,30,15.9,-0.1,0,0,-0.073,-7.7,-1.4,-9.1,0,0
391,Jabari Parker,PF,25,BOS,10,0,138,16.6,0.596,0.208,0.271,7.2,22,14.5,10.8,0.4,2.7,11.5,18.9,0.2,0.1,0.3,0.121,0.4,0.2,0.7,0.1,0
392,Eric Paschall,PF,24,GSW,40,2,695,13.4,0.561,0.181,0.315,4.3,15.1,9.8,11.4,0.8,0.9,11.2,23.5,0.2,0.7,0.9,0.062,-1.8,-0.9,-2.7,-0.1,0
393,Anžejs Pasečņiks,C,25,WAS,1,0,6,-40.6,0,1,0,17.7,0,8.8,18.7,0,0,83.3,41.4,-0.1,0,-0.1,-1.113,-40.7,-5.9,-46.6,-0.1,0
394,Patrick Patterson,PF,31,LAC,38,5,582,10.9,0.571,0.679,0.103,3.8,10.5,7.2,6.7,1.2,1.2,6,14,0.7,0.5,1.2,0.101,-0.4,-0.1,-0.6,0.2,0
395,Justin Patton,C,23,HOU,13,6,247,11.6,0.488,0.486,0.057,5.8,15.8,10.6,8.1,2.3,5.1,5.3,13,0.1,0.3,0.4,0.076,-3.6,1.4,-2.2,0,0
396,Chris Paul,PG,35,PHO,70,70,2199,21.4,0.599,0.294,0.206,1.3,14.5,8,40.9,2.2,0.8,14,22.6,6.5,2.7,9.2,0.201,3.5,1.1,4.6,3.6,1
397,Cameron Payne,PG,26,PHO,60,1,1079,17.4,0.602,0.42,0.142,1.7,13.2,7.6,28.1,1.6,1.3,12.5,19.8,2.4,1.2,3.6,0.158,2.1,1,3.1,1.4,0
398,Elfrid Payton,PG,26,NYK,63,63,1484,11.7,0.478,0.158,0.172,4.7,11,7.9,21.6,1.6,0.6,13.3,23.2,-0.9,1.9,1,0.032,-2.9,-0.1,-3,-0.4,0
399,Gary Payton II,PG,28,GSW,10,0,40,29.2,0.847,0.308,0.308,5.4,23.6,14.6,4.1,7,2.2,6.3,16.8,0.2,0.1,0.3,0.331,1,8.2,9.2,0.1,0
400,Norvel Pelle,C,27,TOT,13,0,84,11.6,0.567,0,0.4,8.1,16.5,12.4,3,0.6,10,14.5,10.8,0.1,0.1,0.2,0.112,-4.5,1.9,-2.6,0,0
400,Norvel Pelle,C,27,BRK,3,0,28,2.1,0.429,0,0,12.5,15,13.8,0,0,9.4,30,15.6,-0.1,0,0,-0.069,-12.2,-0.8,-13,-0.1,0
400,Norvel Pelle,C,27,SAC,1,0,4,30.1,0.543,0,4,27.4,0,13.9,28.2,0,0,0,29.7,0,0,0,0.374,6.1,-2.9,3.2,0,0
400,Norvel Pelle,C,27,NYK,9,0,52,15.3,0.698,0,0.286,4.2,18.6,11.5,2.7,1,11,0,6.8,0.1,0.1,0.2,0.189,-1.1,3.7,2.5,0.1,0
401,Reggie Perry,PF,20,BRK,26,0,211,11,0.466,0.269,0.167,14.9,22.9,19.1,9,1.4,2.5,15.2,20.4,-0.1,0.2,0.2,0.04,-5.3,-1.4,-6.7,-0.2,0
402,Theo Pinson,SG,25,NYK,17,0,34,-8.1,0.111,0.889,0,0,15.8,8,3.7,0,0,10,13.1,-0.2,0,-0.1,-0.205,-13.2,-2.5,-15.7,-0.1,0
403,Mason Plumlee,C,30,DET,56,56,1499,18.7,0.638,0.018,0.444,10.6,28.1,19.3,21,1.4,2.9,18.7,16.3,3,2.1,5.1,0.164,0.2,2,2.2,1.6,0
404,Jakob Poeltl,C,25,SAS,69,51,1845,17.5,0.612,0,0.288,12.4,19.3,15.8,10.1,1.2,5.7,14.6,13.4,3.2,2.5,5.7,0.148,-0.5,1.2,0.8,1.3,0
405,Vincent Poirier,C,27,PHI,10,0,39,1.6,0.273,0.083,0.5,17.2,22.2,19.8,6.6,0,6.9,21.5,20.6,-0.2,0.1,-0.1,-0.127,-12.3,-2.4,-14.8,-0.1,0
406,Aleksej Pokusevski,PF,19,OKC,45,28,1090,6.1,0.43,0.507,0.103,2.8,17.6,10.1,13.1,0.9,3.4,18.8,20.5,-2.9,1,-1.9,-0.084,-5.1,-1,-6.1,-1.1,0
407,Jordan Poole,SG,21,GSW,51,7,988,15.1,0.581,0.582,0.251,1.6,8.2,5,15.4,1.2,0.8,8.8,25,1.1,0.9,1.9,0.094,0.7,-1.2,-0.5,0.4,0
408,Jontay Porter,PF,21,MEM,11,0,54,9.2,0.64,0.533,0.333,7.8,19.9,13.7,2.5,2.7,1.7,28.9,18.9,-0.1,0.1,0,0.019,-6.8,0.3,-6.5,-0.1,0
409,Kevin Porter Jr.,SG,20,HOU,26,23,835,12.5,0.528,0.439,0.256,2.4,10.5,6.3,31.2,1.1,0.9,18.2,25.4,-0.3,0.3,0,0,-1.1,-2.4,-3.5,-0.3,0
410,Michael Porter Jr.,SF,22,DEN,61,54,1912,20.6,0.663,0.468,0.164,5.4,20.9,13.2,5.6,1,2.8,8.1,21.7,4.8,2.1,6.9,0.173,4,-0.9,3.1,2.5,0
411,Otto Porter Jr.,SF-PF,27,TOT,28,6,606,14.5,0.552,0.458,0.185,5.2,22.4,13.8,12.9,1.3,0.6,9.2,19.3,0.6,0.7,1.3,0.101,0,0,0,0.3,0
411,Otto Porter Jr.,SF,27,CHI,25,6,540,14.8,0.566,0.47,0.183,5.8,22.4,14.2,13.1,1.1,0.6,10.3,19.5,0.6,0.6,1.2,0.108,0.4,-0.3,0.2,0.3,0
411,Otto Porter Jr.,PF,27,ORL,3,0,66,11.7,0.441,0.36,0.2,0,22.8,11,11.5,2.9,0,0,17.8,0,0.1,0.1,0.05,-3.5,1.7,-1.7,0,0
412,Bobby Portis,C,25,MIL,66,7,1372,19.9,0.598,0.263,0.122,9.9,25.3,17.9,7.4,1.8,1.7,8.2,20.9,2.8,2,4.8,0.167,1.8,-0.4,1.5,1.2,0
413,Kristaps Porziņģis,C,25,DAL,43,43,1327,21.3,0.582,0.378,0.202,6.9,24.6,15.8,8.4,0.7,4.1,6.4,26.5,2.6,1.7,4.3,0.154,3,-0.8,2.2,1.4,0
414,Dwight Powell,C,29,DAL,58,19,966,16.8,0.688,0.108,0.639,9.2,17.4,13.3,8.9,1.8,2.9,13.9,13.2,2.6,1.2,3.8,0.188,-0.7,1.3,0.6,0.6,0
415,Norman Powell,SG-SF,27,TOT,69,58,2205,16.2,0.618,0.453,0.295,2,8.8,5.3,9.2,1.8,0.8,10.3,22.6,3.4,1.3,4.7,0.103,1.1,-0.7,0.4,1.3,0
415,Norman Powell,SG,27,TOR,42,31,1277,17.7,0.645,0.475,0.288,1.6,9.6,5.4,10,1.8,0.6,10.8,24.2,2.3,0.9,3.2,0.12,2.2,-0.7,1.5,1.1,0
415,Norman Powell,SF,27,POR,27,27,928,14.2,0.576,0.418,0.307,2.6,7.8,5.1,8.1,1.8,1,9.5,20.5,1.1,0.4,1.5,0.078,-0.5,-0.7,-1.2,0.2,0
416,Taurean Prince,PF,26,TOT,41,10,905,12.1,0.54,0.474,0.232,2.3,15.3,8.8,12.8,1.5,2.3,11.5,19.6,0.2,0.8,1,0.052,-1.2,-0.6,-1.8,0,0
416,Taurean Prince,PF,26,BRK,12,4,218,11.7,0.565,0.5,0.365,1.1,15.4,8.6,4.3,1.8,3.2,11.4,19.4,0,0.2,0.3,0.062,-2.2,0.1,-2.2,0,0
416,Taurean Prince,PF,26,CLE,29,6,687,12.2,0.532,0.466,0.194,2.7,15.2,8.8,15.5,1.4,1.9,11.6,19.7,0.2,0.5,0.7,0.049,-0.9,-0.8,-1.7,0,0
417,Payton Pritchard,SG,23,BOS,66,4,1268,12.4,0.582,0.593,0.108,2.9,11.1,6.9,13.3,1.4,0.7,10.8,16.7,1.6,0.9,2.5,0.095,-0.3,-0.4,-0.7,0.4,0
418,Immanuel Quickley,PG,21,NYK,64,3,1243,15.8,0.557,0.522,0.3,2.2,9.7,6,16.2,1.2,0.9,8.1,25.6,1.8,1.4,3.2,0.125,1.4,-0.5,0.9,0.9,0
419,Jahmi'us Ramsey,SG,19,SAC,13,0,94,10.5,0.498,0.5,0.132,2.3,9.6,5.9,8.8,2,0.9,6.9,19.8,0,0,0,0.012,-3.1,-1.4,-4.5,-0.1,0
420,Chasson Randle,PG,27,ORL,41,5,837,7.4,0.515,0.549,0.203,0.8,9.6,5.1,12.9,1.3,0.5,15.1,15.7,-0.4,0.4,0,-0.001,-4.8,-1.1,-5.9,-0.8,0
421,Julius Randle,PF,26,NYK,71,71,2667,19.7,0.567,0.294,0.325,3.5,25.7,14.7,27.2,1.2,0.6,13.8,29.3,3.4,4.3,7.8,0.14,2.9,0.9,3.8,3.9,1
422,Cam Reddish,SF,21,ATL,26,21,750,9.3,0.488,0.479,0.312,3.3,11.7,7.6,6.5,2.2,1.1,10.2,19.3,-0.3,0.7,0.4,0.026,-3.3,0.1,-3.2,-0.2,0
423,J.J. Redick,SG,36,TOT,44,0,723,9.9,0.564,0.667,0.195,0.6,9,4.8,9.7,0.7,0.4,11,19.2,0.4,0.3,0.7,0.045,-1.4,-2.1,-3.5,-0.3,0
423,J.J. Redick,SG,36,NOP,31,0,576,10.9,0.575,0.654,0.22,0.6,9.2,4.9,9.6,0.7,0.3,9.6,19,0.6,0.2,0.8,0.065,-0.8,-2,-2.8,-0.1,0
423,J.J. Redick,SG,36,DAL,13,0,147,5.9,0.516,0.717,0.094,0.8,8.2,4.5,10.3,0.7,0.6,16.6,19.9,-0.2,0.1,-0.1,-0.031,-3.4,-2.6,-6,-0.1,0
424,Paul Reed,PF,21,PHI,26,0,177,21.2,0.54,0.077,0.103,19,18.9,19,11,2.7,6.6,12.8,22.7,0.2,0.4,0.6,0.162,-1.8,0.8,-1,0,0
425,Naz Reid,C,21,MIN,70,15,1347,18.2,0.599,0.299,0.286,6.4,20,12.9,8.7,1.2,4.9,9.5,22.5,1.9,1.3,3.2,0.113,-0.1,-0.2,-0.2,0.6,0
426,Cameron Reynolds,SF,25,TOT,5,0,40,6.5,0.417,0.667,0,5.1,8.3,6.7,7.5,0,0,0,19.2,0,0,0,-0.039,-3.5,-4.6,-8.1,-0.1,0
426,Cameron Reynolds,SF,25,SAS,3,0,6,6.2,0.5,0,0,0,0,0,0,0,0,0,14.5,0,0,0,-0.017,-4.4,-3.6,-8,0,0
426,Cameron Reynolds,SF,25,HOU,2,0,34,6.5,0.406,0.75,0,6,9.8,7.8,8.8,0,0,0,20,0,0,0,-0.043,-3.4,-4.8,-8.2,-0.1,0
427,Nick Richards,PF,23,CHO,18,0,63,5.5,0.542,0.111,1.222,6.8,12.2,9.5,4.2,0,0,17.8,11.5,0,0,0,0.026,-5.9,-2.1,-8,-0.1,0
428,Josh Richardson,SG,27,DAL,59,56,1790,11.9,0.537,0.432,0.175,3.2,8.8,6,12.1,1.7,1.2,10.6,18.4,1,1.4,2.4,0.066,-1.5,-0.2,-1.7,0.1,0
429,Grant Riller,PG,23,CHO,7,0,27,23.6,0.75,0.333,0,0,4.1,2,20.9,1.8,0,7.7,20.7,0.1,0,0.1,0.177,4.6,0.5,5.1,0,0
430,Austin Rivers,SG,28,TOT,36,7,845,9.9,0.551,0.608,0.127,1.1,9.6,5.4,13.2,1.8,0.2,12.2,15.4,0.4,0.9,1.3,0.072,-2.2,0.3,-1.9,0,0
430,Austin Rivers,SG,28,NYK,21,2,442,9.5,0.545,0.57,0.104,1.2,10.2,5.8,13.9,1.4,0,13.5,16.5,0.1,0.5,0.6,0.063,-2.4,0.2,-2.2,0,0
430,Austin Rivers,SG,28,DEN,15,5,403,10.3,0.558,0.655,0.155,0.8,9,4.9,12.5,2.2,0.5,10.6,14.2,0.3,0.4,0.7,0.081,-2.1,0.4,-1.7,0,0
431,Andre Roberson,SG,29,BRK,5,0,63,4.2,0.202,0.571,0.143,12.9,13.3,13.2,7.4,2.3,1.4,11.8,11.7,-0.1,0.1,-0.1,-0.043,-5.2,-0.9,-6.1,-0.1,0
432,Duncan Robinson,SF,26,MIA,72,72,2262,11,0.628,0.855,0.105,0.4,12.1,6.3,8.3,0.9,0.9,9.7,16.6,1.9,1.8,3.7,0.079,-0.2,-0.8,-1,0.6,0
433,Glenn Robinson III,SF,27,SAC,23,2,369,9,0.554,0.444,0.232,3.3,10.4,6.8,7,0.5,0.7,9.2,14,0.3,0,0.3,0.033,-1.9,-2.2,-4,-0.2,0
434,Jerome Robinson,SG,23,WAS,17,6,305,4.1,0.4,0.442,0.211,1.4,11.8,6.6,10.2,1.8,1.6,15.5,16.7,-0.7,0.3,-0.4,-0.057,-6.9,-0.1,-7,-0.4,0
435,Justin Robinson,PG,23,OKC,9,0,88,6,0.453,0.667,0.238,1.2,7.2,4.1,14.1,1.6,0,7.9,12.2,0,0,0,0.021,-5.8,-1,-6.8,-0.1,0
436,Mitchell Robinson,C,22,NYK,31,29,853,17.7,0.642,0,0.301,14.5,17.5,16,2.9,2.1,5,11.5,11.8,1.8,1.7,3.4,0.192,-0.3,1.5,1.2,0.7,0
437,Isaiah Roby,PF,22,OKC,61,34,1425,11.9,0.555,0.254,0.273,6.4,18.6,12.4,11.4,1.7,2.3,19,17.7,-0.3,1.5,1.3,0.043,-3.7,0.4,-3.3,-0.5,0
438,Rajon Rondo,PG,34,TOT,45,3,770,13.2,0.544,0.414,0.079,2.7,12.9,7.9,35.3,2.4,0.5,26.2,17.2,0.5,0.8,1.3,0.081,-0.5,0.3,-0.2,0.4,0
438,Rajon Rondo,PG,34,ATL,27,2,402,9.9,0.478,0.409,0.018,1.1,13.6,7.5,32.2,2.3,0.4,26,16.2,-0.2,0.4,0.2,0.019,-2.8,0.3,-2.5,0,0
438,Rajon Rondo,PG,34,LAC,18,1,368,16.8,0.609,0.419,0.143,4.4,12.2,8.4,38.6,2.4,0.5,26.4,18.2,0.7,0.4,1.1,0.148,2,0.4,2.3,0.4,0
439,Derrick Rose,PG,32,TOT,50,3,1279,18.3,0.55,0.211,0.208,1.7,9.3,5.5,28,1.9,1.4,10.5,25.8,1.6,1.6,3.1,0.118,1.6,0.3,1.9,1.3,0
439,Derrick Rose,PG,32,DET,15,0,342,17.1,0.517,0.212,0.272,1.9,7.6,4.7,32.5,2.6,1,12.3,30,0,0.3,0.4,0.051,0.7,-0.2,0.6,0.2,0
439,Derrick Rose,PG,32,NYK,35,3,937,18.8,0.565,0.211,0.18,1.6,10,5.9,26.3,1.7,1.5,9.6,24.3,1.5,1.2,2.8,0.142,1.9,0.5,2.4,1,0
440,Terrence Ross,SG,29,ORL,46,2,1347,13.2,0.53,0.429,0.224,1.1,11.4,6.1,13.2,1.7,1.4,9.9,24.1,-0.1,1,0.9,0.03,-1.4,-0.8,-2.3,-0.1,0
441,Terry Rozier,SG,26,CHO,69,69,2383,17.1,0.575,0.504,0.178,2.1,11.8,6.9,20,1.8,1.1,9.5,24.4,3.3,2,5.2,0.105,2.2,-0.5,1.6,2.2,0
442,Ricky Rubio,PG,30,MIN,68,51,1772,13.5,0.516,0.43,0.301,1.6,12.4,6.8,33.3,2.6,0.2,16.4,16,1.9,1.3,3.1,0.085,-1.9,0,-1.9,0,0
443,D'Angelo Russell,PG,24,MIN,42,26,1196,17.6,0.555,0.475,0.229,1.4,8.9,5,33.6,1.8,1.3,13.5,29.1,1,0.6,1.6,0.063,3.3,-1.7,1.6,1.1,0
444,Domantas Sabonis,PF,24,IND,62,62,2231,20.6,0.601,0.179,0.363,7.3,28.6,18,27.5,1.6,1.2,16.9,24.1,4,3,6.9,0.149,2.3,1.6,3.8,3.3,0
445,Luka Šamanić,PF,21,SAS,33,4,308,9.8,0.518,0.41,0.276,5.4,18.3,11.7,6.9,1.3,2.2,14.5,19.5,-0.2,0.3,0.1,0.015,-4.2,-0.7,-4.9,-0.2,0
446,JaKarr Sampson,PF,27,IND,29,4,316,10.9,0.533,0.133,0.257,9.3,17.1,13.2,1.8,0.3,3.6,10.7,19,0,0.3,0.3,0.044,-5.2,-2.3,-7.5,-0.4,0
447,Dario Šarić,C,26,PHO,50,4,871,14.3,0.567,0.395,0.289,6.1,18.4,12.4,10.4,1.7,0.4,12.9,22.6,0.7,1,1.7,0.093,-1.4,-0.6,-2,0,0
448,Tomáš Satoranský,SG,29,CHI,58,18,1307,13.8,0.614,0.359,0.24,2.6,9.4,6,27.9,1.5,0.9,20.9,15.2,1.9,1.1,3.1,0.113,-0.6,0.1,-0.5,0.5,0
449,Dennis Schröder,SG,27,LAL,61,61,1956,13.8,0.543,0.279,0.32,1.7,10.3,6.1,26.9,1.7,0.6,15.8,22.9,1,2.7,3.8,0.093,-1.3,0.1,-1.2,0.4,0
450,Mike Scott,PF,32,PHI,51,12,852,6.8,0.492,0.735,0.057,1.4,13.8,7.8,6.1,1.4,1.5,8.1,11.9,-0.1,1.1,1,0.058,-3.2,0.3,-2.8,-0.2,0
451,Jay Scrubb,SG,20,LAC,4,1,84,6.3,0.458,0.25,0.139,2.8,15.6,9.4,1.7,2.4,0,15.5,23.8,-0.2,0.1,-0.1,-0.072,-8.1,-2.8,-10.9,-0.2,0
452,Collin Sexton,SG,22,CLE,60,60,2115,18,0.573,0.239,0.347,3,7,4.9,22.6,1.4,0.4,11.6,29.7,2.6,0.9,3.5,0.08,1.8,-1.9,-0.2,1,0
453,Landry Shamet,SG,23,BRK,61,12,1403,10.3,0.578,0.73,0.171,0.9,7.6,4.4,9.3,1.1,0.6,8.9,16.7,1.2,0.6,1.8,0.063,-1,-1.5,-2.4,-0.2,0
454,Iman Shumpert,SG,30,BRK,2,0,11,-0.4,0.25,0.75,0,10.6,0,5,0,4.4,0,20,19.8,-0.1,0,0,-0.212,-10.4,-2.2,-12.6,0,0
455,Pascal Siakam,PF,26,TOR,56,56,2006,17.7,0.547,0.256,0.313,5,17.6,11.1,20.5,1.5,1.8,10.6,26.3,2.3,2,4.2,0.101,1,-0.3,0.8,1.4,0
456,Chris Silva,PF,24,TOT,15,0,92,11.5,0.708,0.063,0.938,8.9,24.4,16.8,9.3,0.5,6.6,30.7,15.9,0.1,0.1,0.2,0.101,-6.7,1.1,-5.5,-0.1,0
456,Chris Silva,PF,24,MIA,11,0,83,13.4,0.765,0.077,1.154,9.8,24.4,17.2,10.3,0.6,6.3,31.5,15.5,0.1,0.1,0.2,0.136,-5.3,1.4,-3.9,0,0
456,Chris Silva,PF,24,SAC,4,0,9,-5.9,0.333,0,0,0,25,12.3,0,0,9.4,25,19.1,-0.1,0,0,-0.219,-19.3,-1.3,-20.6,0,0
457,Ben Simmons,PG,24,PHI,58,58,1877,18.3,0.584,0.017,0.492,5.6,18.7,12.2,31.3,2.4,1.7,19.6,20.2,2.7,3.3,6,0.153,0.7,2.2,2.9,2.3,0
458,Anfernee Simons,SG,21,POR,64,0,1104,12.3,0.589,0.703,0.142,1.3,12.5,6.8,11.4,0.8,0.6,9.2,18.3,1.5,0.3,1.8,0.078,0.6,-1.6,-1,0.3,0
459,Deividas Sirvydis,SG,20,DET,20,0,133,5.7,0.481,0.7,0.15,0,24.5,12.1,5.4,0.7,0,10.5,15.7,-0.1,0.1,0,-0.01,-4.2,-1.2,-5.4,-0.1,0
460,Alen Smailagić,PF,20,GSW,15,1,84,8.9,0.472,0.37,0.222,7.7,12.5,10.1,6.5,1.7,5.2,14.4,17.6,-0.1,0.1,0,0.015,-4.9,-0.4,-5.3,-0.1,0
461,Marcus Smart,PG,26,BOS,48,45,1581,13.8,0.539,0.553,0.318,2.5,9.3,5.9,23.6,2.2,1.4,14.2,18.4,1.8,1.5,3.3,0.1,-0.4,0.2,-0.3,0.7,0
462,Dennis Smith Jr.,PG,23,TOT,23,9,420,13.6,0.492,0.4,0.179,3.1,11.5,7.3,27.8,2.7,2.9,14.3,19,0.1,0.5,0.6,0.07,-1.1,1.5,0.4,0.3,0
462,Dennis Smith Jr.,PG,23,NYK,3,0,28,6.8,0.356,0.4,0.6,0,7.7,3.9,14.4,5.4,0,7.3,21.7,-0.1,0.1,0,-0.015,-8.5,4.7,-3.8,0,0
462,Dennis Smith Jr.,PG,23,DET,20,9,392,14.1,0.504,0.4,0.148,3.4,11.8,7.5,28.8,2.5,3.1,14.8,18.8,0.1,0.5,0.6,0.076,-0.6,1.3,0.7,0.3,0
463,Ish Smith,PG,32,WAS,44,1,924,11.6,0.473,0.165,0.111,2.5,14.6,8.6,24.7,1.6,1.2,11.6,15.8,0.2,0.9,1.1,0.056,-2.1,0.5,-1.5,0.1,0
464,Jalen Smith,PF,20,PHO,27,1,156,8.4,0.499,0.34,0.14,5.2,21.4,13.4,3.4,0.3,2.9,11.7,17.1,-0.1,0.2,0.1,0.022,-4.8,-1.3,-6.1,-0.2,0
465,Tony Snell,SG,29,ATL,47,23,992,9.5,0.708,0.637,0.064,2,10.2,6.2,7.9,0.6,1,10.7,8.6,1.6,0.5,2,0.099,-0.4,-0.1,-0.5,0.4,0
466,Ray Spalding,C,23,HOU,2,0,19,0.8,0.41,0.25,0.5,10.8,11.7,11.2,0,0,9.4,38.1,17.6,-0.1,0,-0.1,-0.184,-12.2,-2.1,-14.3,-0.1,0
467,Cassius Stanley,SG,21,IND,24,0,93,5.5,0.383,0.302,0.209,9.4,13.9,11.7,1.4,0.5,1.7,2.1,22,-0.2,0.1,-0.1,-0.05,-7.2,-4,-11.2,-0.2,0
468,Lamar Stevens,PF,23,CLE,40,0,499,10.5,0.521,0.184,0.375,5.3,16.6,10.8,7.4,1.7,2.3,12.7,15.8,0,0.5,0.4,0.043,-4.2,0,-4.2,-0.3,0
469,Isaiah Stewart,C,19,DET,68,14,1455,16.4,0.597,0.154,0.225,12,22.7,17.3,6.3,1.3,5.2,13,15.5,1.9,2.1,4,0.132,-1.6,0.5,-1.1,0.3,0
470,Max Strus,SF,24,MIA,39,0,507,12.1,0.597,0.791,0.128,1.1,8,4.6,7.3,1.1,0.4,3.9,18.3,0.6,0.3,0.9,0.088,-0.5,-1.7,-2.2,0,0
471,Edmond Sumner,SG,25,IND,53,24,861,12.7,0.626,0.312,0.294,2.3,9.5,5.9,7.9,1.8,0.9,13.8,18.3,0.7,0.7,1.4,0.077,-2.3,-0.5,-2.8,-0.2,0
472,Jae'Sean Tate,SF,25,HOU,70,58,2043,13.8,0.576,0.312,0.235,6.6,13.2,9.8,13.2,2,1.6,12.4,16.4,2.2,1.6,3.8,0.088,-1.6,0.3,-1.4,0.3,0
473,Jayson Tatum,SF,22,BOS,64,64,2290,21.3,0.576,0.368,0.258,2.4,20.7,11.5,20.3,1.6,1.3,10.4,30.8,4.1,2.5,6.5,0.137,4.2,-0.3,3.9,3.4,0
474,Jeff Teague,PG,32,TOT,55,7,950,12.3,0.562,0.289,0.37,1.7,8.3,5.1,18.3,1.7,1.2,16.2,17.7,0.8,0.8,1.6,0.079,-1.7,-0.5,-2.2,-0.1,0
474,Jeff Teague,PG,32,BOS,34,5,616,11.4,0.542,0.298,0.324,1.8,8.6,5.2,16.2,2.1,1.1,15.4,17.7,0.3,0.5,0.8,0.062,-2.4,-0.3,-2.7,-0.1,0
474,Jeff Teague,PG,32,MIL,21,2,334,14.1,0.598,0.271,0.458,1.6,7.9,4.9,22.2,1.1,1.3,17.8,17.6,0.5,0.2,0.8,0.11,-0.5,-1,-1.4,0.1,0
475,Garrett Temple,SG,34,CHI,56,25,1528,8.2,0.525,0.525,0.131,2.1,9.4,5.8,10.5,1.4,1.7,12.6,13.1,0.2,1.4,1.6,0.05,-3.3,0.3,-3.1,-0.4,0
476,Tyrell Terry,PG,20,DAL,11,0,56,6,0.318,0.438,0.188,0,11.7,5.9,14,4.4,0,10.4,15.3,-0.1,0.1,-0.1,-0.049,-7.5,2.6,-5,0,0
477,Daniel Theis,C,28,TOT,65,51,1601,15,0.609,0.326,0.236,6.5,18.3,12.4,9.5,1.2,3.3,11.4,15.6,2.4,1.8,4.3,0.128,-0.7,0.7,0,0.8,0
477,Daniel Theis,C,28,BOS,42,37,1027,15,0.625,0.33,0.233,5.8,18.1,11.9,9.3,1.2,3.9,11.4,15,1.7,1.2,2.9,0.134,-0.6,1,0.4,0.6,0
477,Daniel Theis,C,28,CHI,23,14,574,14.9,0.584,0.32,0.242,7.6,18.5,13.1,10,1.4,2.1,11.3,16.8,0.7,0.7,1.4,0.116,-1,0.3,-0.7,0.2,0
478,Brodric Thomas,SG,24,TOT,32,1,399,8,0.487,0.546,0.426,2.2,12.9,7.4,10.7,1.8,2.2,14.6,16.4,-0.3,0.3,0.1,0.006,-4.7,0.3,-4.4,-0.2,0
478,Brodric Thomas,SG,24,HOU,4,0,24,7.2,0.496,0.857,1,4.3,13.9,8.9,22.7,2,3.7,28.4,24.9,-0.1,0,0,-0.063,-7,0.5,-6.5,0,0
478,Brodric Thomas,SG,24,CLE,28,1,375,8,0.487,0.525,0.386,2,12.8,7.3,9.9,1.8,2.1,13.2,15.8,-0.2,0.3,0.1,0.01,-4.5,0.3,-4.3,-0.2,0
479,Isaiah Thomas,PG,31,NOP,3,0,48,2.4,0.412,0.444,0.074,2.3,6.8,4.5,15.1,1,0,17.7,29.7,-0.2,0,-0.2,-0.179,-7.8,-5.2,-13.1,-0.1,0
480,Khyri Thomas,SG,24,HOU,5,2,153,21.3,0.586,0.409,0.136,4.7,8,6.3,26.9,2.8,3.5,7.9,21.1,0.4,0.1,0.5,0.164,2.5,-0.1,2.4,0.2,0
481,Matt Thomas,SG,26,TOT,45,0,326,9.1,0.522,0.63,0.11,2.3,12.2,7.3,8.6,0.6,0,9.5,19.5,0,0.2,0.2,0.031,-2.6,-2,-4.6,-0.2,0
481,Matt Thomas,SG,26,TOR,26,0,192,8.2,0.545,0.661,0.113,1.7,10.7,6,6.7,0.5,0,8.4,16,0,0.1,0.1,0.028,-1.9,-2,-3.9,-0.1,0
481,Matt Thomas,SG,26,UTA,19,0,134,10.5,0.499,0.6,0.108,3.3,14.4,9.1,11.3,0.7,0,10.5,24.5,-0.1,0.2,0.1,0.034,-3.5,-2,-5.5,-0.1,0
482,Tristan Thompson,PF,29,BOS,54,43,1287,14.2,0.54,0.009,0.368,14.5,23.5,19,7.2,0.9,2.4,14.1,14.8,1.5,1.4,2.9,0.107,-1.5,-1,-2.5,-0.2,0
483,Sindarius Thornwell,SG,26,TOT,21,1,217,6.6,0.414,0.5,0.174,1.4,7.4,4.4,13,2.9,0.9,12.4,11.1,-0.2,0.2,0,0.009,-5.7,0.9,-4.7,-0.2,0
483,Sindarius Thornwell,SG,26,NOP,14,1,73,4.5,0.388,0.429,0.095,1.5,5.9,3.7,7,3.3,1.3,15.5,14.9,-0.2,0.1,-0.1,-0.057,-6,0.7,-5.3,-0.1,0
483,Sindarius Thornwell,SG,26,ORL,7,0,144,7.7,0.434,0.56,0.24,1.4,8.2,4.7,16,2.7,0.6,9.8,9.2,0,0.1,0.1,0.042,-5.5,1.1,-4.4,-0.1,0
484,Matisse Thybulle,SG,23,PHI,65,8,1298,10.1,0.508,0.588,0.074,2.6,7.8,5.3,6.3,3.9,4.9,11.3,9.4,0.1,2.7,2.8,0.102,-2.6,4.5,1.9,1.3,0
485,Killian Tillie,C,22,MEM,18,1,182,8.5,0.461,0.579,0.193,3.5,10.6,7,5.6,1.3,4,3.1,14.8,0,0.2,0.2,0.055,-3.4,-0.3,-3.7,-0.1,0
486,Xavier Tillman Sr.,PF,22,MEM,59,12,1085,14.7,0.605,0.217,0.177,7.2,18,12.5,9.4,1.9,2.7,12.3,14.3,1.4,1.5,2.9,0.127,-1.3,1.1,-0.2,0.5,0
487,Anthony Tolliver,PF,35,PHI,11,0,99,4,0.433,0.824,0.353,3.4,7.6,5.6,2.5,1.5,1.8,13.3,9.8,-0.1,0.1,0.1,0.025,-5.6,-1.5,-7,-0.1,0
488,Obi Toppin,PF,22,NYK,62,0,683,12.7,0.574,0.407,0.124,4.2,17.6,11,6.4,1.2,2.1,9.4,15.9,0.5,1,1.5,0.109,-1.4,0.7,-0.7,0.2,0
489,Juan Toscano-Anderson,SG,27,GSW,53,16,1107,12.6,0.676,0.44,0.148,2.8,19.5,11.3,18.1,1.7,2.1,21.5,11,1.4,1.6,3,0.13,-1.4,2.2,0.8,0.8,0
490,Axel Toupane,SF,28,MIL,8,1,61,9,0.497,0.182,0.636,0,10,5.2,7.6,1.5,4.4,0,9.7,0.1,0.1,0.1,0.097,-4.1,1.1,-3,0,0
491,Karl-Anthony Towns,C,25,MIN,50,50,1689,23.1,0.612,0.36,0.355,8.2,26.4,17,22.6,1.1,2.9,13.7,29.1,3.8,1.6,5.4,0.153,4.3,0.2,4.5,2.8,0
492,Gary Trent Jr.,SG,22,TOT,58,38,1802,12.1,0.534,0.546,0.135,1.6,7.7,4.6,6.6,1.5,0.5,4.9,20.9,1,0.7,1.7,0.045,-0.5,-1.7,-2.3,-0.1,0
492,Gary Trent Jr.,SG,22,POR,41,23,1262,12.4,0.55,0.582,0.143,1.7,6.1,3.9,6.7,1.4,0.4,5.3,20.1,1.2,0.3,1.5,0.056,-0.1,-1.8,-1.9,0,0
492,Gary Trent Jr.,SG,22,TOR,17,15,540,11.3,0.501,0.475,0.119,1.2,11.6,6.2,6.4,1.7,0.7,4.2,22.9,-0.2,0.4,0.2,0.019,-1.6,-1.5,-3.1,-0.2,0
493,P.J. Tucker,PF,35,TOT,52,33,1356,5.5,0.51,0.672,0.158,3.9,12.3,8,5.7,1.4,1.3,17.4,7.2,0.1,0.9,1,0.034,-4.6,0.5,-4.1,-0.7,0
493,P.J. Tucker,PF,35,HOU,32,32,959,5.5,0.5,0.656,0.176,3.5,13.3,8.2,6.1,1.4,1.7,19,7.7,-0.2,0.6,0.4,0.021,-5.3,0.7,-4.6,-0.6,0
493,P.J. Tucker,PF,35,MIL,20,1,397,5.7,0.539,0.717,0.109,4.9,9.7,7.4,4.6,1.2,0.4,12.7,5.8,0.2,0.3,0.5,0.065,-2.9,0,-2.9,-0.1,0
494,Rayjon Tucker,PG,23,PHI,14,0,68,15.1,0.645,0.389,1.056,1.6,15.9,8.9,12.2,1.4,0,13.2,19.2,0.1,0.1,0.2,0.166,-3,-0.4,-3.4,0,0
495,Myles Turner,C,24,IND,47,47,1455,15.3,0.599,0.477,0.329,4.7,18,11.4,4.4,1.3,8.8,11.9,16.4,1.1,2.2,3.3,0.11,-1.6,2,0.4,0.9,0
496,Jonas Valančiūnas,C,28,MEM,62,61,1755,24.4,0.636,0.077,0.273,15.1,31.9,23.4,10,1,2.9,10.7,22.4,5.1,2.6,7.8,0.213,3.2,-0.3,3,2.2,0
497,Denzel Valentine,SG,27,CHI,62,3,1036,10.1,0.479,0.582,0.041,2.6,18.3,10.5,14,1.4,0.6,9,19.5,-0.4,1.1,0.7,0.032,-2.2,-0.4,-2.7,-0.2,0
498,Jarred Vanderbilt,PF,21,MIN,64,30,1139,16.2,0.612,0.021,0.432,10.8,24.7,17.5,9.3,2.7,3.5,15.9,12.3,1.6,1.5,3.1,0.132,-1.4,1.4,-0.1,0.5,0
499,Fred VanVleet,SG,26,TOR,52,52,1899,16.8,0.534,0.547,0.22,1.8,11.3,6.4,26.7,2.2,2,9.1,23.9,2.4,1.8,4.3,0.108,2.2,0.2,2.5,2.2,0
500,Anderson Varejão,C,38,CLE,5,0,36,12.9,0.326,0.063,0.563,21.3,41.4,31.1,12.2,0,5,4.8,25.4,-0.1,0,0,-0.029,-3.7,-3.3,-7.1,0,0
501,Devin Vassell,SF,20,SAS,62,7,1056,10.6,0.524,0.495,0.168,2.4,15.4,8.8,7.1,2,1.4,6.3,14.3,0.4,1.1,1.5,0.069,-2.2,0.7,-1.5,0.1,0
502,Gabe Vincent,PG,24,MIA,50,7,655,7.6,0.498,0.639,0.099,1.8,7.9,4.9,15.1,1.6,0.3,12.3,19.1,-0.4,0.5,0.2,0.011,-4.5,-0.9,-5.4,-0.6,0
503,Noah Vonleh,PF,25,BRK,4,0,11,-19,0,0.667,0,0,9.6,5,10.2,0,0,40,19.8,-0.1,0,-0.1,-0.488,-20.9,-5.8,-26.7,-0.1,0
504,Nikola Vučević,C,30,TOT,70,70,2348,22.9,0.56,0.315,0.112,6.5,30.9,18.5,21.3,1.3,1.8,7.9,29.3,3.3,3,6.3,0.129,4.9,0.4,5.3,4.4,0
504,Nikola Vučević,C,30,ORL,44,44,1500,23.5,0.565,0.317,0.121,5.8,30.8,17.9,22.1,1.4,1.7,8,29.9,2.1,1.8,3.9,0.125,5.5,0.4,5.9,3,0
504,Nikola Vučević,C,30,CHI,26,26,848,21.8,0.55,0.311,0.094,7.8,31.2,19.6,20,1.3,2.1,7.8,28.2,1.2,1.2,2.4,0.137,3.8,0.5,4.4,1.4,0
505,Dean Wade,PF,24,CLE,63,19,1212,11.3,0.573,0.685,0.125,3.4,16.8,9.9,8.9,1.4,1.5,8.4,12.9,1.1,0.9,2,0.08,-1.1,-0.1,-1.3,0.2,0
506,Moritz Wagner,C,23,TOT,45,24,722,12.5,0.58,0.397,0.38,3.9,17.7,10.7,9.7,1.7,2.2,13.9,18.1,0.5,0.8,1.2,0.082,-2.7,0.2,-2.6,-0.1,0
506,Moritz Wagner,C,23,WAS,25,13,375,15.4,0.614,0.344,0.426,3.7,16.9,10.3,11.7,2.7,1.8,12.7,18.3,0.5,0.5,1,0.134,-1.5,1.3,-0.1,0.2,0
506,Moritz Wagner,C,23,BOS,9,1,61,-1,0.37,0.429,0.143,5.4,29.4,17.3,12.4,0,1.5,37.7,16.9,-0.2,0.1,-0.2,-0.146,-10,-0.3,-10.3,-0.1,0
506,Moritz Wagner,C,23,ORL,11,10,286,11.5,0.563,0.462,0.355,3.9,16.1,9.8,6.3,0.7,2.9,10.8,18.2,0.2,0.2,0.4,0.063,-2.9,-1.2,-4,-0.1,0
507,Kemba Walker,PG,30,BOS,43,43,1369,17.7,0.559,0.522,0.22,1.3,12.6,6.9,23.8,1.7,0.8,10.6,26.1,2.1,1.1,3.3,0.115,2.8,-0.7,2.1,1.4,0
508,Lonnie Walker IV,SG,22,SAS,60,38,1522,9.8,0.523,0.463,0.115,1,10.1,5.4,9.6,0.9,0.8,9.2,20.1,-0.5,0.9,0.4,0.012,-2.3,-1.4,-3.7,-0.7,0
509,John Wall,PG,30,HOU,40,40,1288,15.4,0.503,0.343,0.291,1.3,9.7,5.3,36.2,1.5,2.1,14.7,31.7,-1,0.8,-0.2,-0.007,1.2,-1.9,-0.7,0.4,0
510,Brad Wanamaker,PG,31,TOT,61,0,1053,9.5,0.489,0.284,0.338,1.8,8.8,5.3,22.5,1.9,1,17.1,16.9,-0.2,1,0.9,0.039,-4.4,0.3,-4,-0.5,0
510,Brad Wanamaker,PG,31,GSW,39,0,625,8.5,0.468,0.353,0.324,1.4,9.8,5.6,20.8,2,0.8,15.8,16,-0.2,0.7,0.5,0.036,-4.4,0.9,-3.5,-0.2,0
510,Brad Wanamaker,PG,31,CHO,22,0,428,10.9,0.518,0.19,0.357,2.5,7.5,4.9,25,1.9,1.2,18.9,18.1,0.1,0.3,0.4,0.044,-4.4,-0.5,-4.8,-0.3,0
511,T.J. Warren,SF,27,IND,4,4,117,11.6,0.56,0.137,0.196,1.9,11.1,6.5,6.5,0.8,0,6.7,21.6,0.1,0.1,0.1,0.045,-3.6,-1.9,-5.5,-0.1,0
512,P.J. Washington,PF,22,CHO,64,61,1954,13.4,0.549,0.423,0.211,5.1,18.3,11.6,12.2,1.7,4,14.6,19.4,0.3,2.4,2.7,0.066,-1.5,0.6,-0.9,0.6,0
513,Yuta Watanabe,SF,26,TOR,50,4,723,12.2,0.565,0.5,0.161,5.3,19.4,12.1,7.7,1.7,2.6,9,12.7,0.7,0.8,1.5,0.102,-1.1,0.5,-0.7,0.2,0
514,Tremont Waters,PG,23,BOS,26,3,238,14.6,0.541,0.452,0.202,2.3,7.5,4.9,36.4,3.1,0.4,22.8,21.4,0.2,0.2,0.4,0.08,0.4,-0.1,0.3,0.1,0
515,Paul Watson,SF,26,TOR,27,2,297,10.9,0.649,0.78,0.098,1.4,15.7,8.3,8.2,1,1,9.5,13.7,0.4,0.2,0.6,0.096,-0.8,-0.6,-1.3,0.1,0
516,Quinndary Weatherspoon,SG,24,SAS,20,0,121,9.6,0.547,0.171,0.457,2.6,7.2,4.8,9.1,3.2,1.4,19.2,18.7,-0.1,0.1,0.1,0.023,-5.8,0.7,-5,-0.1,0
517,Russell Westbrook,PG,32,WAS,65,65,2369,19.5,0.509,0.221,0.334,4.9,28.6,16.8,48.6,1.7,0.8,18,30.2,0.5,3.2,3.7,0.075,2.6,1.1,3.7,3.4,0
518,Coby White,PG,20,CHI,69,54,2156,12,0.54,0.503,0.157,1.5,13,7.3,21.8,0.9,0.6,13.9,22.5,0.7,1.7,2.4,0.052,-1.2,-1.2,-2.4,-0.2,0
519,Derrick White,SG,26,SAS,36,32,1064,15,0.55,0.536,0.252,1.3,9.6,5.4,17.4,1.2,2.9,8.2,22.4,1,0.9,1.9,0.085,1.3,0,1.3,0.9,0
520,Hassan Whiteside,C,31,SAC,36,4,546,19.2,0.566,0.004,0.353,12.2,31.8,21.9,5.6,0.8,7.1,13.4,23.5,0.3,0.6,0.9,0.081,-1.8,-0.4,-2.2,0,0
521,Greg Whittington,PF,27,DEN,4,0,12,-10.2,0,0.667,0,0,0,0,0,0,0,0,10.9,-0.1,0,-0.1,-0.259,-11.4,-5.7,-17.2,0,0
522,Andrew Wiggins,PF,25,GSW,71,71,2364,15,0.568,0.348,0.225,3.7,11.8,7.8,10.9,1.3,2.6,9.8,23.3,1.2,2.7,3.9,0.08,0,-0.4,-0.4,1,0
523,Grant Williams,PF,22,BOS,63,9,1138,7.5,0.546,0.522,0.206,4.7,12.8,8.7,7.4,1.4,2,17.2,12.3,0.1,1,1.1,0.046,-4,0.3,-3.7,-0.5,0
524,Kenrich Williams,PF,26,OKC,66,13,1426,14,0.599,0.285,0.153,6.1,14,10,16.4,1.8,1.1,14.8,15.3,1.6,1.2,2.8,0.096,-1.2,0.5,-0.7,0.4,0
525,Lou Williams,PG,34,TOT,66,4,1423,14,0.519,0.268,0.268,1.7,8.9,5.4,23.4,1.6,0.4,13,25.7,0.5,1.2,1.7,0.056,-1,-1.5,-2.5,-0.2,0
525,Lou Williams,PG,34,LAC,42,3,918,15.7,0.529,0.277,0.277,1.9,8.7,5.4,23.3,2.1,0.4,12,26.5,0.7,0.9,1.6,0.084,-0.5,-1,-1.5,0.1,0
525,Lou Williams,PG,34,ATL,24,1,505,10.8,0.498,0.25,0.25,1.3,9.3,5.4,23.7,0.8,0.3,14.9,24.3,-0.2,0.2,0,0.004,-1.8,-2.5,-4.3,-0.3,0
526,Patrick Williams,PF,19,CHI,71,71,1983,10.5,0.562,0.261,0.237,3.7,14.4,9.1,6.7,1.6,2,14.4,14.9,0.3,2.2,2.5,0.06,-2.8,0.4,-2.4,-0.2,0
527,Robert Williams,C,23,BOS,52,13,985,25.7,0.719,0.008,0.283,14.9,25.6,20.2,14.2,2.1,8.6,15.2,15,3.4,1.9,5.3,0.258,2.9,3.1,6,2,0
528,Zion Williamson,PF,20,NOP,61,61,2026,27.1,0.649,0.033,0.51,8.9,14.7,11.8,19.7,1.3,1.8,11.6,29.8,7.1,1.6,8.7,0.205,6.1,-0.3,5.8,4,0
529,D.J. Wilson,PF,24,TOT,35,1,433,11.5,0.511,0.518,0.149,4.8,23.2,13.7,7.9,1.2,3.3,10.9,19.7,-0.2,0.5,0.3,0.032,-2.7,-0.6,-3.3,-0.1,0
529,D.J. Wilson,PF,24,MIL,12,0,105,8.4,0.49,0.651,0.047,3.1,21.3,12.5,3.7,0.4,3.4,8.4,19.1,-0.1,0.1,0,0.022,-3.7,-1.4,-5.1,-0.1,0
529,D.J. Wilson,PF,24,HOU,23,1,328,12.5,0.518,0.472,0.184,5.3,23.8,14.1,9.3,1.4,3.3,11.8,19.9,-0.1,0.3,0.2,0.036,-2.3,-0.4,-2.7,-0.1,0
530,Dylan Windler,SF,24,CLE,31,0,513,10.8,0.567,0.592,0.208,4.3,19.5,11.7,9.4,1.8,2.1,18.4,14.8,0,0.5,0.5,0.045,-2,0.3,-1.7,0,0
531,Justise Winslow,SF,24,MEM,26,1,507,6.2,0.395,0.257,0.167,3.7,21.1,12.3,13.3,1.4,2.1,14.1,21.9,-1.3,0.6,-0.7,-0.066,-6.2,0.2,-6,-0.5,0
532,Cassius Winston,PG,22,WAS,22,0,98,10.8,0.575,0.515,0.182,0,9.7,4.9,16.3,0.9,0.9,12.3,17.2,0.1,0.1,0.1,0.066,-2.1,-1.1,-3.2,0,0
533,James Wiseman,C,19,GSW,39,27,836,13.1,0.552,0.103,0.234,7.1,21.5,14.4,4.9,0.6,3.8,12.9,23.8,-0.4,1.2,0.7,0.042,-4,-1,-5,-0.6,0
534,Christian Wood,C,25,HOU,41,41,1326,20,0.591,0.322,0.309,5.9,26.8,15.9,9.4,1.2,3.2,9.9,25.9,1.4,1.4,2.8,0.1,1.7,-0.3,1.4,1.1,0
535,Robert Woodard II,SF,21,SAC,13,0,45,12.5,0.425,0.3,0.4,9.7,30,19.7,6.3,0,5.6,4.1,23.4,0,0,0,-0.011,-2.7,-2.6,-5.3,0,0
536,Delon Wright,SG-PG,28,TOT,63,39,1748,16.3,0.562,0.332,0.243,4.1,13.1,8.6,23,2.8,1.5,12.6,16.3,2.5,1.8,4.3,0.117,0.6,1.5,2.2,1.8,0
536,Delon Wright,SG,28,DET,36,31,1052,16.5,0.562,0.304,0.307,3.9,13.6,8.7,25.7,2.7,1.6,12.6,15.8,1.7,1.3,2.9,0.134,0.7,2.2,2.9,1.3,0
536,Delon Wright,PG,28,SAC,27,8,696,15.9,0.563,0.369,0.16,4.4,12.5,8.4,18.9,3,1.3,12.7,17.1,0.8,0.5,1.3,0.092,0.5,0.6,1.2,0.6,0
537,Thaddeus Young,PF,32,CHI,68,23,1652,20.3,0.578,0.068,0.171,11.4,16.9,14.2,27.1,2.2,2.1,16.1,22.3,2.8,2.2,5.1,0.147,1.9,1.4,3.3,2.2,0
538,Trae Young,PG,22,ATL,63,63,2125,23,0.589,0.357,0.491,2,10.5,6.3,45.5,1.2,0.5,16.2,33,5.9,1.3,7.2,0.163,5.3,-1.7,3.7,3,0
539,Cody Zeller,C,28,CHO,48,21,1005,18.2,0.599,0.086,0.367,12.6,22.9,17.7,13.2,1.3,1.7,11.9,18.3,2.1,1.1,3.3,0.156,-0.2,-0.2,-0.5,0.4,0
540,Ivica Zubac,C,23,LAC,72,33,1609,19.1,0.693,0.01,0.434,13.6,22.4,18.1,7.9,0.7,3.4,14.7,15.1,4.8,2.1,6.9,0.206,0.6,0.4,1,1.2,0